Name;Seconds;AlbumId
For Those About To Rock (We Salute You);344;1
Balls to the Wall;343;2
Fast As a Shark;231;3
Restless and Wild;252;3
Princess of the Dawn;375;3
Put The Finger On You;206;1
Let's Get It Up;234;1
Inject The Venom;211;1
Snowballed;203;1
Evil Walks;263;1
C.O.D.;200;1
Breaking The Rules;263;1
Night Of The Long Knives;206;1
Spellbound;271;1
Go Down;331;4
Dog Eat Dog;215;4
Let There Be Rock;367;4
Bad Boy Boogie;268;4
Problem Child;325;4
Overdose;369;4
Hell Ain't A Bad Place To Be;254;4
Whole Lotta Rosie;324;4
Walk On Water;296;5
Love In An Elevator;322;5
Rag Doll;265;5
What It Takes;311;5
Dude (Looks Like A Lady);265;5
Janie's Got A Gun;331;5
Cryin';309;5
Amazing;357;5
Blind Man;241;5
Deuces Are Wild;216;5
The Other Side;244;5
Crazy;317;5
Eat The Rich;251;5
Angel;308;5
Livin' On The Edge;381;5
All I Really Want;285;6
You Oughta Know;249;6
Perfect;188;6
Hand In My Pocket;222;6
Right Through You;176;6
Forgiven;300;6
You Learn;240;6
Head Over Feet;267;6
Mary Jane;281;6
Ironic;230;6
Not The Doctor;228;6
Wake Up;293;6
You Oughta Know (Alternate);492;6
We Die Young;152;7
Man In The Box;287;7
Sea Of Sorrow;350;7
Bleed The Freak;242;7
I Can't Remember;223;7
Love, Hate, Love;387;7
It Ain't Like That;278;7
Sunshine;285;7
Put You Down;196;7
Confusion;344;7
I Know Somethin (Bout You);262;7
Real Thing;244;7
Desafinado;185;8
Garota De Ipanema;285;8
Samba De Uma Nota Só (One Note Samba);137;8
Por Causa De Você;170;8
Ligia;252;8
Fotografia;129;8
Dindi (Dindi);253;8
Se Todos Fossem Iguais A Você (Instrumental);135;8
Falando De Amor;220;8
Angela;170;8
Corcovado (Quiet Nights Of Quiet Stars);206;8
Outra Vez;127;8
O Boto (Bôto);367;8
Canta, Canta Mais;272;8
Enter Sandman;222;9
Master Of Puppets;436;9
Harvester Of Sorrow;375;9
The Unforgiven;323;9
Sad But True;288;9
Creeping Death;308;9
Wherever I May Roam;369;9
Welcome Home (Sanitarium);350;9
Cochise;222;10
Show Me How to Live;278;10
Gasoline;279;10
What You Are;249;10
Like a Stone;294;10
Set It Off;263;10
Shadow on the Sun;343;10
I am the Highway;335;10
Exploder;206;10
Hypnotize;207;10
Bring'em Back Alive;330;10
Light My Way;304;10
Getaway Car;300;10
The Last Remaining Light;317;10
Your Time Has Come;256;11
Out Of Exile;291;11
Be Yourself;279;11
Doesn't Remind Me;256;11
Drown Me Slowly;234;11
Heaven's Dead;277;11
The Worm;238;11
Man Or Animal;233;11
Yesterday To Tomorrow;274;11
Dandelion;278;11
#1 Zero;299;11
The Curse;310;11
Money;148;12
Long Tall Sally;106;12
Bad Boy;116;12
Twist And Shout;161;12
Please Mr. Postman;138;12
C'Mon Everybody;140;12
Rock 'N' Roll Music;142;12
Slow Down;163;12
Roadrunner;144;12
Carol;144;12
Good Golly Miss Molly;106;12
20 Flight Rock;108;12
Quadrant;262;13
Snoopy's search-Red baron;456;13
"Spanish moss-""A sound portrait""-Spanish moss";248;13
Moon germs;294;13
Stratus;582;13
The pleasant pheasant;318;13
Solo-Panhandler;246;13
Do what cha wanna;274;13
Intro/ Low Down;324;14
13 Years Of Grief;247;14
Stronger Than Death;301;14
All For You;236;14
Super Terrorizer;319;14
Phoney Smile Fake Hellos;274;14
Lost My Better Half;284;14
Bored To Tears;247;14
A.N.D.R.O.T.A.Z.;266;14
Born To Booze;282;14
World Of Trouble;359;14
No More Tears;555;14
The Begining... At Last;366;14
Heart Of Gold;195;15
Snowblind;420;15
Like A Bird;277;15
Blood In The Wall;284;15
The Beginning...At Last;272;15
Black Sabbath;382;16
The Wizard;265;16
Behind The Wall Of Sleep;218;16
N.I.B.;369;16
Evil Woman;205;16
Sleeping Village;645;16
Warning;212;16
Wheels Of Confusion / The Straightener;495;17
Tomorrow's Dream;192;17
Changes;286;17
FX;103;17
Supernaut;286;17
Snowblind;332;17
Cornucopia;235;17
Laguna Sunrise;173;17
St. Vitus Dance;150;17
Under The Sun/Every Day Comes and Goes;350;17
Smoked Pork;47;18
Body Count's In The House;204;18
Now Sports;5;18
Body Count;318;18
A Statistic;6;18
Bowels Of The Devil;223;18
The Real Problem;12;18
KKK Bitch;173;18
D Note;96;18
Voodoo;301;18
The Winner Loses;392;18
There Goes The Neighborhood;350;18
Oprah;7;18
Evil Dick;239;18
Body Count Anthem;166;18
Momma's Gotta Die Tonight;372;18
Freedom Of Speech;281;18
King In Crimson;283;19
Chemical Wedding;246;19
The Tower;285;19
Killing Floor;270;19
Book Of Thel;494;19
Gates Of Urizen;265;19
Jerusalem;402;19
Trupets Of Jericho;359;19
Machine Men;342;19
The Alchemist;509;19
Realword;238;19
First Time I Met The Blues;140;20
Let Me Love You Baby;175;20
Stone Crazy;433;20
Pretty Baby;238;20
When My Left Eye Jumps;235;20
Leave My Girl Alone;205;20
She Suits Me To A Tee;137;20
Keep It To Myself (Aka Keep It To Yourself);166;20
My Time After Awhile;182;20
Too Many Ways (Alternate);135;20
Talkin' 'Bout Women Obviously;590;20
Jorge Da Capadócia;177;21
Prenda Minha;99;21
Meditação;149;21
Terra;482;21
Eclipse Oculto;222;21
"Texto ""Verdade Tropical""";84;21
Bem Devagar;133;21
Drão;156;21
Saudosismo;144;21
Carolina;182;21
Sozinho;191;21
Esse Cara;223;21
Mel;295;21
Linha Do Equador;299;21
Odara;141;21
A Luz De Tieta;252;21
Atrás Da Verd-E-Rosa Só Não Vai Quem Já Morreu;307;21
Vida Boa;282;21
Sozinho (Hitmakers Classic Mix);437;22
Sozinho (Hitmakers Classic Radio Edit);195;22
Sozinho (Caêdrum 'n' Bass);328;22
Carolina;163;23
Essa Moça Ta Diferente;167;23
Vai Passar;370;23
Samba De Orly;162;23
Bye, Bye Brasil;283;23
Atras Da Porta;190;23
Tatuagem;172;23
O Que Será (À Flor Da Terra);167;23
Morena De Angola;187;23
Apesar De Você;235;23
A Banda;132;23
Minha Historia;182;23
Com Açúcar E Com Afeto;175;23
Brejo Da Cruz;214;23
Meu Caro Amigo;260;23
Geni E O Zepelim;318;23
Trocando Em Miúdos;170;23
Vai Trabalhar Vagabundo;139;23
Gota D'água;153;23
Construção / Deus Lhe Pague;383;23
Mateus Enter;33;24
O Cidadão Do Mundo;201;24
Etnia;153;24
Quilombo Groove [Instrumental];152;24
Macô;250;24
Um Passeio No Mundo Livre;240;24
Samba Do Lado;227;24
Maracatu Atômico;284;24
O Encontro De Isaac Asimov Com Santos Dumont No Céu;99;24
Corpo De Lama;233;24
Sobremesa;240;24
Manguetown;195;24
Um Satélite Na Cabeça;127;24
Baião Ambiental [Instrumental];153;24
Sangue De Bairro;132;24
Enquanto O Mundo Explode;89;24
Interlude Zumbi;72;24
Criança De Domingo;208;24
Amor De Muito;175;24
Samidarish [Instrumental];272;24
Maracatu Atômico [Atomic Version];273;24
Maracatu Atômico [Ragga Mix];210;24
Maracatu Atômico [Trip Hop];221;24
Banditismo Por Uma Questa;307;25
Banditismo Por Uma Questa;244;25
Rios Pontes & Overdrives;287;25
Cidade;216;25
Praiera;184;25
Samba Makossa;272;25
Da Lama Ao Caos;252;25
Maracatu De Tiro Certeiro;89;25
Salustiano Song;215;25
Antene Se;248;25
Risoflora;106;25
Lixo Do Mangue;193;25
Computadores Fazem Arte;404;25
Girassol;250;26
A Sombra Da Maldade;231;26
Johnny B. Goode;255;26
Soldado Da Paz;194;26
Firmamento;222;26
Extra;304;26
O Erê;236;26
Podes Crer;232;26
A Estrada;249;26
Berlim;208;26
Já Foi;222;26
Onde Você Mora?;256;26
Pensamento;173;26
Conciliação;258;26
Realidade Virtual;195;26
Mensagem;225;26
A Cor Do Sol;231;26
Onde Você Mora?;298;27
O Erê;207;27
A Sombra Da Maldade;285;27
A Estrada;282;27
Falar A Verdade;245;27
Firmamento;225;27
Pensamento;192;27
Realidade Virtual;240;27
Doutor;178;27
Na Frente Da TV;290;27
Downtown;240;27
Sábado A Noite;267;27
A Cor Do Sol;273;27
Eu Também Quero Beijar;211;27
Noite Do Prazer;311;28
À Francesa;245;28
Cada Um Cada Um (A Namoradeira);253;28
Linha Do Equador;245;28
Amor Demais;254;28
Férias;264;28
Gostava Tanto De Você;230;28
Flor Do Futuro;276;28
Felicidade Urgente;267;28
Livre Pra Viver;215;28
Dig-Dig, Lambe-Lambe (Ao Vivo);205;29
Pererê;199;29
TriboTchan;194;29
Tapa Aqui, Descobre Ali;189;29
Daniela;231;29
Bate Lata;207;29
Garotas do Brasil;210;29
Levada do Amor (Ailoviu);190;29
Lavadeira;214;29
Reboladeira;211;29
É que Nessa Encarnação Eu Nasci Manga;197;29
Reggae Tchan;207;29
My Love;203;29
Latinha de Cerveja;167;29
You Shook Me;316;30
I Can't Quit You Baby;264;30
Communication Breakdown;193;30
Dazed and Confused;402;30
The Girl I Love She Got Long Black Wavy Hair;183;30
What is and Should Never Be;261;30
Communication Breakdown(2);161;30
Travelling Riverside Blues;312;30
Whole Lotta Love;373;30
Somethin' Else;128;30
Communication Breakdown(3);185;30
I Can't Quit You Baby(2);381;30
You Shook Me(2);619;30
How Many More Times;712;30
Debra Kadabra;235;31
Carolina Hard-Core Ecstasy;360;31
Sam With The Showing Scalp Flat Top;171;31
Poofter's Froth Wyoming Plans Ahead;184;31
200 Years Old;273;31
Cucamonga;144;31
Advance Romance;678;31
Man With The Woman Head;89;31
Muffin Man;333;31
Vai-Vai 2001;276;32
X-9 2001;274;32
Gavioes 2001;283;32
Nene 2001;285;32
Rosas De Ouro 2001;284;32
Mocidade Alegre 2001;282;32
Camisa Verde 2001;283;32
Leandro De Itaquera 2001;275;32
Tucuruvi 2001;288;32
Aguia De Ouro 2001;284;32
Ipiranga 2001;248;32
Morro Da Casa Verde 2001;285;32
Perola Negra 2001;282;32
Sao Lucas 2001;296;32
Guanabara;248;33
Mas Que Nada;248;33
Vôo Sobre o Horizonte;225;33
A Paz;263;33
Wave (Vou te Contar);272;33
Água de Beber;147;33
Samba da Bençaco;282;33
Pode Parar;179;33
Menino do Rio;263;33
Ando Meio Desligado;196;33
Mistério da Raça;184;33
All Star;176;33
Menina Bonita;237;33
Pescador de Ilusões;246;33
À Vontade (Live Mix);181;33
Maria Fumaça;141;33
Sambassim (dj patife remix);214;33
Garota De Ipanema;280;34
Tim Tim Por Tim Tim;213;34
Tarde Em Itapoã;314;34
Tanto Tempo;170;34
Eu Vim Da Bahia - Live;158;34
Alô Alô Marciano;238;34
Linha Do Horizonte;279;34
Only A Dream In Rio;371;34
Abrir A Porta;272;34
Alice;166;34
Momentos Que Marcam;280;34
Um Jantar Pra Dois;238;34
Bumbo Da Mangueira;270;34
Mr Funk Samba;214;34
Santo Antonio;163;34
Por Você;206;34
Só Tinha De Ser Com Você;390;34
Free Speech For The Dumb;155;35
It's Electric;214;35
Sabbra Cadabra;380;35
Turn The Page;367;35
Die Die My Darling;149;35
Loverman;473;35
Mercyful Fate;672;35
Astronomy;398;35
Whiskey In The Jar;305;35
Tuesday's Gone;546;35
The More I See;288;35
A Kind Of Magic;263;36
Under Pressure;237;36
Radio GA GA;344;36
I Want It All;242;36
I Want To Break Free;259;36
Innuendo;388;36
It's A Hard Life;249;36
Breakthru;249;36
Who Wants To Live Forever;298;36
Headlong;273;36
The Miracle;295;36
I'm Going Slightly Mad;248;36
The Invisible Man;239;36
Hammer To Fall;220;36
Friends Will Be Friends;249;36
The Show Must Go On;264;36
One Vision;243;36
Detroit Rock City;219;37
Black Diamond;314;37
Hard Luck Woman;216;37
Sure Know Something;242;37
Love Gun;196;37
Deuce;185;37
Goin' Blind;216;37
Shock Me;227;37
Do You Love Me;215;37
She;248;37
I Was Made For Loving You;271;37
Shout It Out Loud;220;37
God Of Thunder;256;37
Calling Dr. Love;225;37
Beth;167;37
Strutter;192;37
Rock And Roll All Nite;174;37
Cold Gin;262;37
Plaster Caster;207;37
God Gave Rock 'n' Roll To You;320;37
Heart of the Night;274;38
De La Luz;315;38
Westwood Moon;296;38
Midnight;267;38
Playtime;274;38
Surrender;288;38
Valentino's;296;38
Believe;311;38
As We Sleep;317;38
When Evening Falls;298;38
J Squared;289;38
Best Thing;274;38
Maria;167;39
Poprocks And Coke;158;39
Longview;234;39
Welcome To Paradise;224;39
Basket Case;182;39
When I Come Around;178;39
She;134;39
J.A.R. (Jason Andrew Relva);171;39
Geek Stink Breath;136;39
Brain Stew;193;39
Jaded;90;39
Walking Contradiction;151;39
Stuck With Me;136;39
Hitchin' A Ride;172;39
Good Riddance (Time Of Your Life);154;39
Redundant;198;39
Nice Guys Finish Last;170;39
Minority;169;39
Warning;222;39
Waiting;193;39
Macy's Day Parade;213;39
Into The Light;76;40
River Song;440;40
She Give Me ...;253;40
Don't You Cry;347;40
Love Is Blind;345;40
Slave;292;40
Cry For Love;293;40
Living On Love;392;40
Midnight Blue;299;40
Too Many Tears;359;40
Don't Lie To Me;284;40
Wherever You May Go;240;40
Grito De Alerta;202;41
Não Dá Mais Pra Segurar (Explode Coração);220;41
Começaria Tudo Outra Vez;197;41
O Que É O Que É ?;259;41
Sangrando;170;41
Diga Lá, Coração;256;41
Lindo Lago Do Amor;250;41
Eu Apenas Queria Que Voçê Soubesse;156;41
Com A Perna No Mundo;227;41
E Vamos À Luta;222;41
Um Homem Também Chora (Guerreiro Menino);207;41
Comportamento Geral;182;41
Ponto De Interrogação;181;41
Espere Por Mim, Morena;207;41
Meia-Lua Inteira;222;23
Voce e Linda;243;23
Um Indio;196;23
Podres Poderes;260;23
Voce Nao Entende Nada - Cotidiano;422;23
O Estrangeiro;375;23
Menino Do Rio;148;23
Qualquer Coisa;193;23
Sampa;185;23
Queixa;300;23
O Leaozinho;184;23
Fora Da Ordem;354;23
Terra;401;23
Alegria, Alegria;169;23
Balada Do Louco;241;42
Ando Meio Desligado;288;42
Top Top;147;42
Baby;177;42
A E O Z;519;42
Panis Et Circenses;125;42
Chão De Estrelas;285;42
Vida De Cachorro;195;42
Bat Macumba;188;42
Desculpe Babe;170;42
Rita Lee;189;42
Posso Perder Minha Mulher, Minha Mãe, Desde Que Eu Tenha O Rock And Roll;223;42
Banho De Lua;222;42
Meu Refrigerador Não Funciona;383;42
Burn;454;43
Stormbringer;277;43
Gypsy;339;43
Lady Double Dealer;234;43
Mistreated;759;43
Smoke On The Water;618;43
You Fool No One;804;43
Custard Pie;254;44
The Rover;337;44
In My Time Of Dying;666;44
Houses Of The Holy;242;44
Trampled Under Foot;337;44
Kashmir;509;44
Imperatriz;339;45
Beija-Flor;327;45
Viradouro;344;45
Mocidade;262;45
Unidos Da Tijuca;339;45
Salgueiro;306;45
Mangueira;298;45
União Da Ilha;331;45
Grande Rio;307;45
Portela;320;45
Caprichosos;351;45
Tradição;269;45
Império Serrano;335;45
Tuiuti;260;45
(Da Le) Yaleo;353;46
Love Of My Life;348;46
Put Your Lights On;285;46
Africa Bamba;283;46
Smooth;298;46
Do You Like The Way;355;46
Maria Maria;263;46
Migra;329;46
Corazon Espinado;276;46
Wishing It Was;293;46
El Farol;291;46
Primavera;379;46
The Calling;748;46
Solução;247;47
Manuel;230;47
Entre E Ouça;286;47
Um Contrato Com Deus;203;47
Um Jantar Pra Dois;244;47
Vamos Dançar;226;47
Um Love;182;47
Seis Da Tarde;238;47
Baixo Rio;198;47
Sombras Do Meu Destino;281;47
Do You Have Other Loves?;295;47
Agora Que O Dia Acordou;323;47
Já!!!;218;47
A Rua;238;47
Now's The Time;197;48
Jeru;193;48
Compulsion;345;48
Tempus Fugit;232;48
Walkin';807;48
'Round Midnight;357;48
Bye Bye Blackbird;476;48
New Rhumba;278;48
Generique;169;48
Summertime;200;48
So What;564;48
The Pan Piper;234;48
Someday My Prince Will Come;544;48
My Funny Valentine (Live);908;49
E.S.P.;331;49
Nefertiti;473;49
Petits Machins (Little Stuff);487;49
Miles Runs The Voodoo Down;844;49
Little Church (Live);196;49
Black Satin;317;49
Jean Pierre (Live);243;49
Time After Time;221;49
Portia;379;49
Space Truckin';1196;50
Going Down / Highway Star;914;50
Mistreated (Alternate Version);855;50
You Fool No One (Alternate Version);764;50
Jeepers Creepers;186;51
Blue Rythm Fantasy;348;51
Drum Boogie;192;51
Let Me Off Uptown;188;51
Leave Us Leap;183;51
Opus No.1;180;51
Boogie Blues;204;51
How High The Moon;201;51
Disc Jockey Jump;193;51
Up An' Atom;180;51
Bop Boogie;190;51
Lemon Drop;194;51
Coronation Drop;176;51
Overtime;163;51
Imagination;289;51
Don't Take Your Love From Me;282;51
Midget;217;51
I'm Coming Virginia;280;51
Payin' Them Dues Blues;199;51
Jungle Drums;200;51
Showcase;202;51
Swedish Schnapps;191;51
Samba Da Bênção;410;52
Pot-Pourri N.º 4;392;52
Onde Anda Você;168;52
Samba Da Volta;171;52
Canto De Ossanha;205;52
Pot-Pourri N.º 5;220;52
Formosa;137;52
Como É Duro Trabalhar;226;52
Minha Namorada;244;52
Por Que Será;162;52
Berimbau;191;52
Deixa;180;52
Pot-Pourri N.º 2;212;52
Samba Em Prelúdio;213;52
Carta Ao Tom 74;163;52
Linha de Passe (João Bosco);231;53
Pela Luz dos Olhos Teus (Miúcha e Tom Jobim);164;53
Chão de Giz (Elba Ramalho);275;53
Marina (Dorival Caymmi);173;53
Aquarela (Toquinho);260;53
Coração do Agreste (Fafá de Belém);258;53
Dona (Roupa Nova);243;53
Começaria Tudo Outra Vez (Maria Creuza);207;53
Caçador de Mim (Sá & Guarabyra);238;53
Romaria (Renato Teixeira);245;53
As Rosas Não Falam (Beth Carvalho);117;53
Wave (Os Cariocas);130;53
Garota de Ipanema (Dick Farney);174;53
Preciso Apender a Viver Só (Maysa);143;53
Susie Q;276;54
I Put A Spell On You;272;54
Proud Mary;189;54
Bad Moon Rising;140;54
Lodi;191;54
Green River;154;54
Commotion;163;54
Down On The Corner;165;54
Fortunate Son;140;54
Travelin' Band;129;54
Who'll Stop The Rain;149;54
Up Around The Bend;162;54
Run Through The Jungle;186;54
Lookin' Out My Back Door;153;54
Long As I Can See The Light;213;54
I Heard It Through The Grapevine;665;54
Have You Ever Seen The Rain?;160;54
Hey Tonight;163;54
Sweet Hitch-Hiker;175;54
Someday Never Comes;239;54
Walking On The Water;281;55
Suzie-Q, Pt. 2;244;55
Born On The Bayou;317;55
Good Golly Miss Molly;164;55
Tombstone Shadow;219;55
Wrote A Song For Everyone;296;55
Night Time Is The Right Time;190;55
Cotton Fields;178;55
It Came Out Of The Sky;177;55
Don't Look Now;132;55
The Midnight Special;254;55
Before You Accuse Me;208;55
My Baby Left Me;140;55
Pagan Baby;386;55
(Wish I Could) Hideaway;228;55
It's Just A Thought;237;55
Molina;163;55
Born To Move;343;55
Lookin' For A Reason;210;55
Hello Mary Lou;133;55
Gatas Extraordinárias;213;56
Brasil;244;56
Eu Sou Neguinha (Ao Vivo);252;56
Geração Coca-Cola (Ao Vivo);228;56
Lanterna Dos Afogados;205;56
Coroné Antonio Bento;200;56
Você Passa, Eu Acho Graça (Ao Vivo);207;56
Meu Mundo Fica Completo (Com Você);248;56
1° De Julho;270;56
Música Urbana 2;195;56
Vida Bandida (Ao Vivo);193;56
Palavras Ao Vento;212;56
Não Sei O Que Eu Quero Da Vida;152;56
Woman Is The Nigger Of The World (Ao Vivo);299;56
Juventude Transviada (Ao Vivo);279;56
Malandragem;248;57
O Segundo Sol;252;57
Smells Like Teen Spirit (Ao Vivo);317;57
E.C.T.;228;57
Todo Amor Que Houver Nesta Vida;227;57
Metrô. Linha 743;175;57
Nós (Ao Vivo);194;57
Na Cadência Do Samba;196;57
Admirável Gado Novo;274;57
Eleanor Rigby;189;57
Socorro;259;57
Blues Da Piedade;257;57
Rubens;212;57
Não Deixe O Samba Morrer - Cassia Eller e Alcione;268;57
Mis Penas Lloraba Yo (Ao Vivo) Soy Gitano (Tangos);188;57
Comin' Home;236;58
Lady Luck;168;58
Gettin' Tighter;218;58
Dealer;231;58
I Need Love;264;58
Drifter;243;58
Love Child;188;58
This Time Around / Owed to 'G' [Instrumental];370;58
You Keep On Moving;319;58
Speed King;264;59
Bloodsucker;256;59
Child In Time;620;59
Flight Of The Rat;478;59
Into The Fire;210;59
Living Wreck;275;59
Hard Lovin' Man;431;59
Fireball;205;60
No No No;415;60
Strange Kind Of Woman;247;60
Anyone's Daughter;285;60
The Mule;322;60
Fools;500;60
No One Came;386;60
Knocking At Your Back Door;425;61
Bad Attitude;308;61
Child In Time (Son Of Aleric - Instrumental);603;61
Nobody's Home;243;61
Black Night;369;61
Perfect Strangers;321;61
The Unwritten Law;295;61
Call Of The Wild;294;61
Hush;213;61
Smoke On The Water;464;61
Space Trucking;341;61
Highway Star;369;62
Maybe I'm A Leo;290;62
Pictures Of Home;304;62
Never Before;240;62
Smoke On The Water;341;62
Lazy;442;62
Space Truckin';273;62
Vavoom : Ted The Mechanic;257;63
Loosen My Strings;360;63
Soon Forgotten;288;63
Sometimes I Feel Like Screaming;452;63
Cascades : I'm Not Your Lover;284;63
The Aviator;321;63
Rosa's Cantina;312;63
A Castle Full Of Rascals;312;63
A Touch Away;276;63
Hey Cisco;354;63
Somebody Stole My Guitar;249;63
The Purpendicular Waltz;284;63
King Of Dreams;328;64
The Cut Runs Deep;343;64
Fire In The Basement;284;64
Truth Hurts;315;64
Breakfast In Bed;317;64
Love Conquers All;227;64
Fortuneteller;349;64
Too Much Is Not Enough;258;64
Wicked Ways;394;64
Stormbringer;246;65
Love Don't Mean a Thing;264;65
Holy Man;270;65
Hold On;307;65
Lady Double Dealer;201;65
You Can't Do it Right (With the One You Love);204;65
High Ball Shooter;268;65
The Gypsy;243;65
Soldier Of Fortune;194;65
The Battle Rages On;357;66
Lick It Up;240;66
Anya;392;66
Talk About Love;248;66
Time To Kill;351;66
Ramshackle Man;334;66
A Twist In The Tail;257;66
Nasty Piece Of Work;277;66
Solitaire;282;66
One Man's Meat;279;66
Pour Some Sugar On Me;293;67
Photograph;249;67
Love Bites;347;67
Let's Get Rocked;296;67
Two Steps Behind [Acoustic Version];260;67
Animal;245;67
Heaven Is;214;67
Rocket;247;67
When Love & Hate Collide;257;67
Action;221;67
Make Love Like A Man;256;67
Armageddon It;322;67
Have You Ever Needed Someone So Bad;319;67
Rock Of Ages;248;67
Hysteria;355;67
Bringin' On The Heartbreak;272;67
Roll Call;321;68
Otay;424;68
Groovus Interruptus;319;68
Paris On Mine;369;68
In Time;369;68
Plan B;272;68
Outbreak;659;68
Baltimore, DC;347;68
Talkin Loud and Saying Nothin;360;68
Pétala;270;69
Meu Bem-Querer;256;69
Cigano;305;69
Boa Noite;339;69
Fato Consumado;212;69
Faltando Um Pedaço;268;69
Álibi;213;69
Esquinas;281;69
Se...;286;69
Eu Te Devoro;312;69
Lilás;274;69
Acelerou;284;69
Um Amor Puro;328;69
Samurai;331;70
Nem Um Dia;337;70
Oceano;217;70
Açai;271;70
Serrado;295;70
Flor De Lis;236;70
Amar É Tudo;212;70
Azul;254;70
Seduzir;278;70
A Carta;347;70
Sina;268;70
Acelerou;284;70
Um Amor Puro;327;70
O Bêbado e a Equilibrista;223;71
O Mestre-Sala dos Mares;186;71
Atrás da Porta;167;71
Dois Pra Lá, Dois Pra Cá;263;71
Casa no Campo;171;71
Romaria;243;71
Alô, Alô, Marciano;241;71
Me Deixas Louca;215;71
Fascinação;181;71
Saudosa Maloca;278;71
As Aparências Enganam;247;71
Madalena;157;71
Maria Rosa;233;71
Aprendendo A Jogar;291;71
Layla;431;72
Badge;164;72
I Feel Free;175;72
Sunshine Of Your Love;253;72
Crossroads;253;72
Strange Brew;168;72
White Room;302;72
Bell Bottom Blues;305;72
Cocaine;216;72
I Shot The Sheriff;264;72
After Midnight;191;72
Swing Low Sweet Chariot;208;72
Lay Down Sally;232;72
Knockin On Heavens Door;264;72
Wonderful Tonight;221;72
Let It Grow;297;72
Promises;180;72
I Can't Stand It;250;72
Signe;194;73
Before You Accuse Me;224;73
Hey Hey;196;73
Tears In Heaven;275;73
Lonely Stranger;329;73
Nobody Knows You When You're Down & Out;232;73
Layla;285;73
Running On Faith;379;73
Walkin' Blues;226;73
Alberta;222;73
San Francisco Bay Blues;203;73
Malted Milk;217;73
Old Love;473;73
Rollin' And Tumblin';252;73
Collision;204;74
Stripsearch;270;74
Last Cup Of Sorrow;252;74
Naked In Front Of The Computer;129;74
Helpless;326;74
Mouth To Mouth;228;74
Ashes To Ashes;217;74
She Loves Me Not;210;74
Got That Feeling;141;74
Paths Of Glory;257;74
Home Sick Home;119;74
Pristina;233;74
Land Of Sunshine;224;75
Caffeine;268;75
Midlife Crisis;263;75
RV;223;75
Smaller And Smaller;311;75
Everything's Ruined;274;75
Malpractice;241;75
Kindergarten;271;75
Be Aggressive;222;75
A Small Victory;297;75
Crack Hitler;279;75
Jizzlobber;398;75
Midnight Cowboy;252;75
Easy;186;75
Get Out;137;76
Ricochet;269;76
Evidence;294;76
The Gentle Art Of Making Enemies;209;76
Star A.D.;204;76
Cuckoo For Caca;223;76
Caralho Voador;242;76
Ugly In The Morning;186;76
Digging The Grave;185;76
Take This Bottle;299;76
King For A Day;396;76
What A Day;158;76
The Last To Know;268;76
Just A Man;337;76
Absolute Zero;182;76
From Out Of Nowhere;203;77
Epic;294;77
Falling To Pieces;316;77
Surprise! You're Dead!;147;77
Zombie Eaters;361;77
The Real Thing;494;77
Underwater Love;232;77
The Morning After;224;77
Woodpecker From Mars;341;77
War Pigs;465;77
Edge Of The World;250;77
Deixa Entrar;34;78
Falamansa Song;237;78
Xote Dos Milagres;270;78
Rindo À Toa;222;78
Confidência;222;78
Forró De Tóquio;169;78
Zeca Violeiro;144;78
Avisa;355;78
Principiando/Decolagem;117;78
Asas;232;78
Medo De Escuro;214;78
Oração;271;78
Minha Gata;182;78
Desaforo;175;78
In Your Honor;230;79
No Way Back;197;79
Best Of You;256;79
DOA;252;79
Hell;117;79
The Last Song;200;79
Free Me;279;79
Resolve;289;79
The Deepest Blues Are Black;238;79
End Over End;352;79
Still;313;80
What If I Do?;303;80
Miracle;210;80
Another Round;266;80
Friend Of A Friend;193;80
Over And Out;316;80
On The Mend;272;80
Virginia Moon;229;80
Cold Day In The Sun;201;80
Razor;293;80
All My Life;264;81
Low;268;81
Have It All;298;81
Times Like These;266;81
Disenchanted Lullaby;274;81
Tired Of You;311;81
Halo;306;81
Lonely As You;277;81
Overdrive;271;81
Burn Away;298;81
Come Back;470;81
Doll;83;82
Monkey Wrench;232;82
Hey, Johnny Park!;249;82
My Poor Brain;213;82
Wind Up;152;82
Up In Arms;136;82
My Hero;260;82
See You;147;82
Enough Space;157;82
February Stars;289;82
Everlong;251;82
Walking After You;304;82
New Way Home;342;82
My Way;276;83
Strangers In The Night;156;83
New York, New York;206;83
I Get A Kick Out Of You;194;83
Something Stupid;159;83
Moon River;199;83
What Now My Love;150;83
Summer Love;175;83
For Once In My Life;171;83
Love And Marriage;90;83
They Can't Take That Away From Me;161;83
My Kind Of Town;188;83
Fly Me To The Moon;149;83
I've Got You Under My Skin;211;83
The Best Is Yet To Come;174;83
It Was A Very Good Year;267;83
Come Fly With Me;190;83
That's Life;187;83
The Girl From Ipanema;194;83
The Lady Is A Tramp;184;83
Bad, Bad Leroy Brown;170;83
Mack The Knife;292;83
Loves Been Good To Me;204;83
L.A. Is My Lady;193;83
Entrando Na Sua (Intro);179;84
Nervosa;230;84
Funk De Bamba (Com Fernanda Abreu);237;84
Call Me At Cleo´s;237;84
Olhos Coloridos (Com Sandra De Sá);321;84
Zambação;301;84
Funk Hum;244;84
Forty Days (Com DJ Hum);222;84
Balada Da Paula;323;84
Dujji;325;84
Meu Guarda-Chuva;249;84
Motéis;213;84
Whistle Stop;526;84
16 Toneladas;192;84
Divirta-Se (Saindo Da Sua);75;84
Forty Days Instrumental;292;84
Óia Eu Aqui De Novo;219;85
Baião Da Penha;248;85
Esperando Na Janela;261;85
Juazeiro;222;85
Último Pau-De-Arara;200;85
Asa Branca;217;85
Qui Nem Jiló;205;85
Assum Preto;200;85
Pau-De-Arara;192;85
A Volta Da Asa Branca;271;85
O Amor Daqui De Casa;149;85
As Pegadas Do Amor;209;85
Lamento Sertanejo;261;85
Casinha Feliz;32;85
Introdução (Live);154;86
Palco (Live);238;86
Is This Love (Live);295;86
Stir It Up (Live);282;86
Refavela (Live);237;86
Vendedor De Caranguejo (Live);249;86
Quanta (Live);357;86
Estrela (Live);285;86
Pela Internet (Live);263;86
Cérebro Eletrônico (Live);232;86
Opachorô (Live);260;86
Copacabana (Live);290;86
A Novidade (Live);317;86
Ghandi (Live);222;86
De Ouro E Marfim (Live);235;86
Doce De Carnaval (Candy All);356;87
Lamento De Carnaval;295;87
Pretinha;265;87
A Novidade;325;73
Tenho Sede;262;73
Refazenda;218;73
Realce;264;73
Esotérico;318;73
Drão;301;73
A Paz;293;73
Beira Mar;295;73
Sampa;226;73
Parabolicamará;285;73
Tempo Rei;303;73
Expresso 2222;285;73
Aquele Abraço;264;73
Palco;271;73
Toda Menina Baiana;278;73
Sítio Do Pica-Pau Amarelo;218;73
Straight Out Of Line;259;88
Faceless;216;88
Changes;260;88
Make Me Believe;249;88
I Stand Alone;246;88
Re-Align;261;88
I Fucking Hate You;247;88
Releasing The Demons;253;88
Dead And Broken;251;88
I Am;240;88
The Awakening;90;88
Serenity;275;88
American Idiot;174;89
Jesus Of Suburbia / City Of The Damned / I Don't Care / Dearly Beloved / Tales Of Another Broken Home;548;89
Holiday;233;89
Boulevard Of Broken Dreams;261;89
Are We The Waiting;163;89
St. Jimmy;175;89
Give Me Novacaine;206;89
She's A Rebel;121;89
Extraordinary Girl;214;89
Letterbomb;246;89
Wake Me Up When September Ends;286;89
Homecoming / The Death Of St. Jimmy / East 12th St. / Nobody Likes You / Rock And Roll Girlfriend / We're Coming Home Again;559;89
Whatsername;252;89
Welcome to the Jungle;274;90
It's So Easy;203;90
Nightrain;269;90
Out Ta Get Me;264;90
Mr. Brownstone;229;90
Paradise City;406;90
My Michelle;220;90
Think About You;232;90
Sweet Child O' Mine;356;90
You're Crazy;197;90
Anything Goes;206;90
Rocket Queen;375;90
Right Next Door to Hell;182;91
Dust N' Bones;298;91
Live and Let Die;184;91
Don't Cry (Original);285;91
Perfect Crime;144;91
You Ain't the First;156;91
Bad Obsession;328;91
Back off Bitch;303;91
Double Talkin' Jive;204;91
November Rain;538;91
The Garden;322;91
Garden of Eden;162;91
Don't Damn Me;319;91
Bad Apples;268;91
Dead Horse;258;91
Coma;617;91
Civil War;461;92
14 Years;261;92
Yesterdays;196;92
Knockin' On Heaven's Door;336;92
Get In The Ring;341;92
Shotgun Blues;203;92
Breakdown;425;92
Pretty Tied Up;287;92
Locomotive;522;92
So Fine;246;92
Estranged;564;92
You Could Be Mine;344;92
Don't Cry;284;92
My World;85;92
Colibri;361;93
Love Is The Colour;252;93
Magnetic Ocean;321;93
Deep Waters;396;93
L'Arc En Ciel De Miles;242;93
Gypsy;331;93
Journey Into Sunlight;250;93
Sunchild;260;93
Millenium;379;93
Thinking 'Bout Tomorrow;355;93
Jacob's Ladder;368;93
She Wears Black;529;93
Dark Side Of The Cog;377;93
Different World;259;94
These Colours Don't Run;412;94
Brighter Than a Thousand Suns;526;94
The Pilgrim;308;94
The Longest Day;468;94
Out of the Shadows;337;94
The Reincarnation of Benjamin Breeg;442;94
For the Greater Good of God;565;94
Lord of Light;445;94
The Legacy;563;94
Hallowed Be Thy Name (Live) [Non Album Bonus Track];431;94
The Number Of The Beast;295;95
The Trooper;235;95
Prowler;256;95
Transylvania;266;95
Remember Tomorrow;353;95
Where Eagles Dare;289;95
Sanctuary;293;95
Running Free;229;95
Run To The Hilss;238;95
2 Minutes To Midnight;337;95
Iron Maiden;325;95
Hallowed Be Thy Name;472;95
Be Quick Or Be Dead;197;96
From Here To Eternity;260;96
Can I Play With Madness;282;96
Wasting Love;348;96
Tailgunner;249;96
The Evil That Men Do;326;96
Afraid To Shoot Strangers;408;96
Bring Your Daughter... To The Slaughter;318;96
Heaven Can Wait;449;96
The Clairvoyant;270;96
Fear Of The Dark;431;96
The Wicker Man;276;97
Ghost Of The Navigator;410;97
Brave New World;379;97
Blood Brothers;434;97
The Mercenary;282;97
Dream Of Mirrors;561;97
The Fallen Angel;241;97
The Nomad;546;97
Out Of The Silent Planet;386;97
The Thin Line Between Love & Hate;507;97
Wildest Dreams;233;98
Rainmaker;229;98
No More Lies;442;98
Montsegur;350;98
Dance Of Death;517;98
Gates Of Tomorrow;312;98
New Frontier;305;98
Paschendale;508;98
Face In The Sand;391;98
Age Of Innocence;370;98
Journeyman;427;98
Be Quick Or Be Dead;205;99
From Here To Eternity;218;99
Afraid To Shoot Strangers;416;99
Fear Is The Key;335;99
Childhood's End;281;99
Wasting Love;351;99
The Fugitive;294;99
Chains Of Misery;217;99
The Apparition;235;99
Judas Be My Guide;189;99
Weekend Warrior;340;99
Fear Of The Dark;437;99
01 - Prowler;236;100
02 - Sanctuary;196;100
03 - Remember Tomorrow;329;100
04 - Running Free;197;100
05 - Phantom of the Opera;428;100
06 - Transylvania;259;100
07 - Strange World;332;100
08 - Charlotte the Harlot;253;100
09 - Iron Maiden;216;100
The Ides Of March;106;101
Wrathchild;174;101
Murders In The Rue Morgue;258;101
Another Life;203;101
Genghis Khan;187;101
Innocent Exile;233;101
Killers;301;101
Prodigal Son;372;101
Purgatory;200;101
Drifter;289;101
Intro- Churchill S Speech;48;102
Aces High;276;102
2 Minutes To Midnight;367;102
The Trooper;269;102
Revelations;372;102
Flight Of Icarus;230;102
Rime Of The Ancient Mariner;789;102
Powerslave;455;102
The Number Of The Beast;275;102
Hallowed Be Thy Name;451;102
Iron Maiden;262;102
Run To The Hills;232;102
Running Free;205;102
Wrathchild;184;102
Acacia Avenue;380;102
Children Of The Damned;278;102
Die With Your Boots On;314;102
Phantom Of The Opera;441;102
Be Quick Or Be Dead;233;103
The Number Of The Beast;294;103
Wrathchild;174;103
From Here To Eternity;284;103
Can I Play With Madness;213;103
Wasting Love;337;103
Tailgunner;248;103
The Evil That Men Do;478;103
Afraid To Shoot Strangers;413;103
Fear Of The Dark;432;103
Bring Your Daughter... To The Slaughter...;377;104
The Clairvoyant;262;104
Heaven Can Wait;441;104
Run To The Hills;236;104
2 Minutes To Midnight;338;104
Iron Maiden;495;104
Hallowed Be Thy Name;448;104
The Trooper;233;104
Sanctuary;319;104
Running Free;474;104
Tailgunner;256;105
Holy Smoke;229;105
No Prayer For The Dying;264;105
Public Enema Number One;254;105
Fates Warning;251;105
The Assassin;259;105
Run Silent Run Deep;275;105
Hooks In You;248;105
Bring Your Daughter... ...To The Slaughter;284;105
Mother Russia;333;105
Where Eagles Dare;370;106
Revelations;409;106
Flight Of The Icarus;230;106
Die With Your Boots On;326;106
The Trooper;251;106
Still Life;294;106
Quest For Fire;221;106
Sun And Steel;206;106
To Tame A Land;445;106
Aces High;270;107
2 Minutes To Midnight;360;107
Losfer Words;253;107
Flash of The Blade;243;107
Duelists;366;107
Back in the Village;321;107
Powerslave;408;107
Rime of the Ancient Mariner;817;107
Intro;116;108
The Wicker Man;282;108
Ghost Of The Navigator;409;108
Brave New World;367;108
Wrathchild;186;108
2 Minutes To Midnight;387;108
Blood Brothers;436;108
Sign Of The Cross;649;108
The Mercenary;283;108
The Trooper;274;108
Dream Of Mirrors;578;109
The Clansman;559;109
The Evil That Men Do;281;109
Fear Of The Dark;461;109
Iron Maiden;352;109
The Number Of The Beast;300;109
Hallowed Be Thy Name;444;109
Sanctuary;317;109
Run To The Hills;292;109
Moonchild;341;110
Infinite Dreams;369;110
Can I Play With Madness;211;110
The Evil That Men Do;274;110
Seventh Son of a Seventh Son;594;110
The Prophecy;305;110
The Clairvoyant;267;110
Only the Good Die Young;281;110
Caught Somewhere in Time;446;111
Wasted Years;308;111
Sea of Madness;342;111
Heaven Can Wait;441;111
Stranger in a Strange Land;345;111
Alexander the Great;516;111
De Ja Vu;296;111
The Loneliness of the Long Dis;391;111
22 Acacia Avenue;396;112
Children of the Damned;274;112
Gangland;228;112
Hallowed Be Thy Name;429;112
Invaders;203;112
Run to the Hills;229;112
The Number Of The Beast;293;112
The Prisoner;361;112
Sign Of The Cross;678;113
Lord Of The Flies;304;113
Man On The Edge;253;113
Fortunes Of War;444;113
Look For The Truth;310;113
The Aftermath;381;113
Judgement Of Heaven;312;113
Blood On The World's Hands;358;113
The Edge Of Darkness;399;113
2 A.M.;338;113
The Unbeliever;490;113
Futureal;176;114
The Angel And The Gambler;593;114
Lightning Strikes Twice;290;114
The Clansman;540;114
When Two Worlds Collide;377;114
The Educated Fool;405;114
Don't Look To The Eyes Of A Stranger;484;114
Como Estais Amigos;330;114
Please Please Please;165;115
Think;167;115
Night Train;212;115
Out Of Sight;144;115
Papa's Got A Brand New Bag Pt.1;127;115
I Got You (I Feel Good);167;115
It's A Man's Man's Man's World;168;115
Cold Sweat;172;115
Say It Loud, I'm Black And I'm Proud Pt.1;167;115
Get Up (I Feel Like Being A) Sex Machine;317;115
Hey America;218;115
Make It Funky Pt.1;196;115
I'm A Greedy Man Pt.1;218;115
Get On The Good Foot;216;115
Get Up Offa That Thing;251;115
It's Too Funky In Here;239;115
Living In America;283;115
I'm Real;334;115
Hot Pants Pt.1;188;115
Soul Power (Live);261;115
When You Gonna Learn (Digeridoo);231;116
Too Young To Die;366;116
Hooked Up;276;116
If I Like It, I Do It;293;116
Music Of The Wind;383;116
Emergency On Planet Earth;245;116
Whatever It Is, I Just Can't Stop;247;116
Blow Your Mind;512;116
Revolution 1993;617;116
Didgin' Out;157;116
Canned Heat;332;117
Planet Home;284;117
Black Capricorn Day;342;117
Soul Education;255;117
Failling;225;117
Destitute Illusions;340;117
Supersonic;316;117
Butterfly;269;117
Were Do We Go From Here;314;117
King For A Day;222;117
Deeper Underground;282;117
Just Another Story;530;118
Stillness In Time;257;118
Half The Man;290;118
Light Years;355;118
Manifest Destiny;382;118
The Kids;310;118
Mr. Moon;330;118
Scam;422;118
Journey To Arnhemland;322;118
Morning Glory;384;118
Space Cowboy;386;118
Last Chance;112;119
Are You Gonna Be My Girl;214;119
Rollover D.J.;197;119
Look What You've Done;231;119
Get What You Need;248;119
Move On;261;119
Radio Song;272;119
Get Me Outta Here;176;119
Cold Hard Bitch;243;119
Come Around Again;270;119
Take It Or Leave It;143;119
Lazy Gun;282;119
Timothy;270;119
Foxy Lady;199;120
Manic Depression;222;120
Red House;224;120
Can You See Me;153;120
Love Or Confusion;193;120
I Don't Live Today;235;120
May This Be Love;191;120
Fire;165;120
Third Stone From The Sun;404;120
Remember;168;120
Are You Experienced?;255;120
Hey Joe;210;120
Stone Free;216;120
Purple Haze;172;120
51st Anniversary;196;120
The Wind Cries Mary;200;120
Highway Chile;212;120
Surfing with the Alien;264;121
Ice 9;240;121
Crushing Day;315;121
Always With Me, Always With You;202;121
Satch Boogie;194;121
Hill of the Skull;108;121
Circles;209;121
Lords of Karma;288;121
Midnight;103;121
Echo;338;121
Engenho De Dentro;310;122
Alcohol;355;122
Mama Africa;283;122
Salve Simpatia;343;122
W/Brasil (Chama O Síndico);317;122
País Tropical;453;122
Os Alquimistas Estão Chegando;367;122
Charles Anjo 45;389;122
Selassiê;326;122
Menina Sarará;191;122
Que Maravilha;338;122
Santa Clara Clareou;380;122
Filho Maravilha;228;122
Taj Mahal;290;122
Rapidamente;252;123
As Dores do Mundo;255;123
Vou Pra Ai;301;123
My Brother;253;123
Há Quanto Tempo;270;123
Vício;270;123
Encontrar Alguém;224;123
Dance Enquanto é Tempo;229;123
A Tarde;267;123
Always Be All Right;128;123
Sem Sentido;250;123
Onibusfobia;316;123
Pura Elegancia;284;124
Choramingando;190;124
Por Merecer;231;124
No Futuro;182;124
Voce Inteira;241;124
Cuando A Noite Vai Chegando;271;124
Naquele Dia;252;124
Equinocio;269;124
Papelão;213;124
Cuando Eu For Pro Ceu;119;124
Do Nosso Amor;203;124
Borogodo;208;124
Cafezinho;181;124
Enquanto O Dia Não Vem;221;124
The Green Manalishi;206;125
Living After Midnight;213;125
Breaking The Law (Live);144;125
Hot Rockin';197;125
Heading Out To The Highway (Live);276;125
The Hellion;42;125
Electric Eye;222;125
You've Got Another Thing Comin';305;125
Turbo Lover;336;125
Freewheel Burning;266;125
Some Heads Are Gonna Roll;250;125
Metal Meltdown;291;125
Ram It Down;292;125
Diamonds And Rust (Live);219;125
Victim Of Change (Live);431;125
Tyrant (Live);282;125
Comin' Home;172;126
Plaster Caster;198;126
Goin' Blind;218;126
Do You Love Me;194;126
Domino;226;126
Sure Know Something;254;126
A World Without Heroes;178;126
Rock Bottom;201;126
See You Tonight;146;126
I Still Love You;370;126
Every Time I Look At You;284;126
2,000 Man;312;126
Beth;170;126
Nothin' To Lose;222;126
Rock And Roll All Nite;260;126
Immigrant Song;201;127
Heartbreaker;316;127
Since I've Been Loving You;416;127
Black Dog;318;127
Dazed And Confused;1117;127
Stairway To Heaven;530;127
Going To California;235;127
That's The Way;343;127
Whole Lotta Love (Medley);825;127
Thank You;398;127
We're Gonna Groove;158;128
Poor Tom;182;128
I Can't Quit You Baby;258;128
Walter's Walk;271;128
Ozone Baby;216;128
Darlene;307;128
Bonzo's Montreux;259;128
Wearing And Tearing;330;128
The Song Remains The Same;330;129
The Rain Song;459;129
Over The Hills And Far Away;290;129
The Crunge;197;129
Dancing Days;223;129
D'Yer Mak'er;263;129
No Quarter;420;129
The Ocean;271;129
In The Evening;411;130
South Bound Saurez;254;130
Fool In The Rain;373;130
Hot Dog;197;130
Carouselambra;634;130
All My Love;356;130
I'm Gonna Crawl;330;130
Black Dog;297;131
Rock & Roll;221;131
The Battle Of Evermore;352;131
Stairway To Heaven;482;131
Misty Mountain Hop;279;131
Four Sticks;284;131
Going To California;216;131
When The Levee Breaks;428;131
Good Times Bad Times;166;132
Babe I'm Gonna Leave You;401;132
You Shook Me;388;132
Dazed and Confused;386;132
Your Time Is Gonna Come;275;132
Black Mountain Side;133;132
Communication Breakdown;150;132
I Can't Quit You Baby;283;132
How Many More Times;508;132
Whole Lotta Love;334;133
What Is And What Should Never Be;288;133
The Lemon Song;379;133
Thank You;288;133
Heartbreaker;254;133
Living Loving Maid (She's Just A Woman);159;133
Ramble On;276;133
Moby Dick;261;133
Bring It On Home;260;133
Immigrant Song;145;134
Friends;234;134
Celebration Day;210;134
Since I've Been Loving You;444;134
Out On The Tiles;246;134
Gallows Pole;296;134
Tangerine;190;134
That's The Way;337;134
Bron-Y-Aur Stomp;260;134
Hats Off To (Roy) Harper;219;134
In The Light;527;135
Bron-Yr-Aur;127;135
Down By The Seaside;316;135
Ten Years Gone;393;135
Night Flight;218;135
The Wanton Song;250;135
Boogie With Stu;233;135
Black Country Woman;273;135
Sick Again;283;135
Achilles Last Stand;626;136
For Your Life;384;136
Royal Orleans;180;136
Nobody's Fault But Mine;376;136
Candy Store Rock;252;136
Hots On For Nowhere;284;136
Tea For One;567;136
Rock & Roll;242;137
Celebration Day;230;137
The Song Remains The Same;353;137
Rain Song;506;137
Dazed And Confused;1612;137
No Quarter;750;138
Stairway To Heaven;657;138
Moby Dick;766;138
Whole Lotta Love;864;138
Natália;236;139
L'Avventura;278;139
Música De Trabalho;260;139
Longe Do Meu Lado;266;139
A Via Láctea;280;139
Música Ambiente;248;139
Aloha;326;139
Soul Parsifal;295;139
Dezesseis;324;139
Mil Pedaços;203;139
Leila;323;139
1º De Julho;290;139
Esperando Por Mim;262;139
Quando Você Voltar;174;139
O Livro Dos Dias;257;139
Será;148;140
Ainda É Cedo;237;140
Geração Coca-Cola;141;140
Eduardo E Mônica;271;140
Tempo Perdido;302;140
Indios;258;140
Que País É Este;178;140
Faroeste Caboclo;543;140
Há Tempos;197;140
Pais E Filhos;308;140
Meninos E Meninas;204;140
Vento No Litoral;366;140
Perfeição;277;140
Giz;202;140
Dezesseis;322;140
Antes Das Seis;189;140
Are You Gonna Go My Way;212;141
Fly Away;222;141
Rock And Roll Is Dead;204;141
Again;229;141
It Ain't Over 'Til It's Over;243;141
Can't Get You Off My Mind;274;141
Mr. Cab Driver;230;141
American Woman;262;141
Stand By My Woman;260;141
Always On The Run;233;141
Heaven Help;190;141
I Belong To You;257;141
Believe;295;141
Let Love Rule;343;141
Black Velveteen;291;141
Assim Caminha A Humanidade;211;142
Honolulu;261;143
Dancin´Days;237;143
Um Pro Outro;236;142
Aviso Aos Navegantes;243;143
Casa;308;142
Condição;264;142
Hyperconectividade;181;143
O Descobridor Dos Sete Mares;226;143
Satisfação;208;142
Brumário;216;142
Um Certo Alguém;194;143
Fullgás;346;143
Sábado À Noite;194;142
A Cura;281;142
Aquilo;246;143
Atrás Do Trio Elétrico;149;142
Senta A Pua;218;143
Ro-Que-Se-Da-Ne;147;143
Tudo Bem;196;142
Toda Forma De Amor;228;142
Tudo Igual;276;143
Fogo De Palha;247;143
Sereia;278;142
Assaltaram A Gramática;261;143
Se Você Pensa;196;142
Lá Vem O Sol (Here Comes The Sun);189;142
O Último Romântico (Ao Vivo);232;143
Pseudo Silk Kimono;135;144
Kayleigh;235;144
Lavender;153;144
Bitter Suite: Brief Encounter / Lost Weekend / Blue Angel;356;144
Heart Of Lothian: Wide Boy / Curtain Call;366;144
Waterhole (Expresso Bongo);133;144
Lords Of The Backstage;113;144
Blind Curve: Vocal Under A Bloodlight / Passing Strangers / Mylo / Perimeter Walk / Threshold;570;144
Childhoods End?;273;144
White Feather;144;144
Arrepio;136;145
Magamalabares;216;145
Chuva No Brejo;146;145
Cérebro Eletrônico;173;145
Tempos Modernos;183;145
Maraçá;230;145
Blanco;45;145
Panis Et Circenses;192;145
De Noite Na Cama;209;145
Beija Eu;197;145
Give Me Love;250;145
Ainda Lembro;219;145
A Menina Dança;129;145
Dança Da Solidão;204;145
Ao Meu Redor;276;145
Bem Leve;159;145
Segue O Seco;178;145
O Xote Das Meninas;292;145
Wherever I Lay My Hat;137;146
Get My Hands On Some Lovin';149;146
No Good Without You;161;146
You've Been A Long Time Coming;137;146
When I Had Your Love;152;146
You're What's Happening (In The World Today);142;146
Loving You Is Sweeter Than Ever;166;146
It's A Bitter Pill To Swallow;195;146
Seek And You Shall Find;223;146
Gonna Keep On Tryin' Till I Win Your Love;176;146
Gonna Give Her All The Love I've Got;211;146
I Wish It Would Rain;172;146
Abraham, Martin And John;273;146
Save The Children;195;146
You Sure Love To Ball;219;146
Ego Tripping Out;315;146
Praise;236;146
Heavy Love Affair;228;146
Down Under;222;147
Overkill;225;147
Be Good Johnny;216;147
Everything I Need;216;147
Down by the Sea;408;147
Who Can It Be Now?;202;147
It's a Mistake;273;147
Dr. Heckyll & Mr. Jive;278;147
Shakes and Ladders;198;147
No Sign of Yesterday;362;147
Enter Sandman;332;148
Sad But True;325;148
Holier Than Thou;228;148
The Unforgiven;387;148
Wherever I May Roam;404;148
Don't Tread On Me;240;148
Through The Never;244;148
Nothing Else Matters;389;148
Of Wolf And Man;257;148
The God That Failed;309;148
My Friend Of Misery;410;148
The Struggle Within;234;148
Helpless;398;149
The Small Hours;403;149
The Wait;295;149
Crash Course In Brain Surgery;190;149
Last Caress/Green Hell;210;149
Am I Evil?;470;149
Blitzkrieg;217;149
Breadfan;342;149
The Prince;266;149
Stone Cold Crazy;138;149
So What;189;149
Killing Time;184;149
Overkill;245;149
Damage Case;220;149
Stone Dead Forever;292;149
Too Late Too Late;192;149
Hit The Lights;258;150
The Four Horsemen;433;150
Motorbreath;188;150
Jump In The Fire;282;150
(Anesthesia) Pulling Teeth;255;150
Whiplash;249;150
Phantom Lord;302;150
No Remorse;387;150
Seek & Destroy;416;150
Metal Militia;311;150
Ain't My Bitch;304;151
2 X 4;328;151
The House Jack Built;399;151
Until It Sleeps;270;151
King Nothing;328;151
Hero Of The Day;262;151
Bleeding Me;498;151
Cure;294;151
Poor Twisted Me;240;151
Wasted My Hate;237;151
Mama Said;320;151
Thorn Within;352;151
Ronnie;317;151
The Outlaw Torn;589;151
Battery;312;152
Master Of Puppets;515;152
The Thing That Should Not Be;396;152
Welcome Home (Sanitarium);387;152
Disposable Heroes;497;152
Leper Messiah;347;152
Orion;500;152
Damage Inc.;331;152
Fuel;270;153
The Memory Remains;279;153
Devil's Dance;319;153
The Unforgiven II;396;153
Better Than You;323;153
Slither;313;153
Carpe Diem Baby;372;153
Bad Seed;245;153
Where The Wild Things Are;414;153
Prince Charming;365;153
Low Man's Lyric;458;153
Attitude;316;153
Fixxxer;496;153
Fight Fire With Fire;286;154
Ride The Lightning;398;154
For Whom The Bell Tolls;312;154
Fade To Black;415;154
Trapped Under Ice;245;154
Escape;264;154
Creeping Death;397;154
The Call Of Ktulu;535;154
Frantic;350;155
St. Anger;441;155
Some Kind Of Monster;506;155
Dirty Window;325;155
Invisible Kid;510;155
My World;346;155
Shoot Me Again;430;155
Sweet Amber;327;155
The Unnamed Feeling;429;155
Purify;314;155
All Within My Hands;528;155
Blackened;403;156
...And Justice For All;586;156
Eye Of The Beholder;386;156
One;446;156
The Shortest Straw;395;156
Harvester Of Sorrow;346;156
The Frayed Ends Of Sanity;464;156
To Live Is To Die;589;156
Dyers Eve;314;156
Springsville;208;157
The Maids Of Cadiz;234;157
The Duke;215;157
My Ship;268;157
Miles Ahead;210;157
Blues For Pablo;318;157
New Rhumba;277;157
The Meaning Of The Blues;169;157
Lament;134;157
I Don't Wanna Be Kissed (By Anyone But You);191;157
Springsville (Alternate Take);196;157
Blues For Pablo (Alternate Take);213;157
The Meaning Of The Blues/Lament (Alternate Take);310;157
I Don't Wanna Be Kissed (By Anyone But You) (Alternate Take);192;157
Coração De Estudante;239;158
A Noite Do Meu Bem;220;158
Paisagem Na Janela;198;158
Cuitelinho;209;158
Caxangá;246;158
Nos Bailes Da Vida;276;158
Menestrel Das Alagoas;200;158
Brasil;155;158
Canção Do Novo Mundo;215;158
Um Gosto De Sol;307;158
Solar;156;158
Para Lennon E McCartney;322;158
Maria, Maria;72;158
Minas;152;159
Fé Cega, Faca Amolada;278;159
Beijo Partido;230;159
Saudade Dos Aviões Da Panair (Conversando No Bar);269;159
Gran Circo;251;159
Ponta de Areia;273;159
Trastevere;266;159
Idolatrada;286;159
Leila (Venha Ser Feliz);210;159
Paula E Bebeto;136;159
Simples;133;159
Norwegian Wood;414;159
Caso Você Queira Saber;206;159
Ace Of Spades;170;160
Love Me Like A Reptile;204;160
Shoot You In The Back;160;160
Live To Win;218;160
Fast And Loose;203;160
(We Are) The Road Crew;193;160
Fire Fire;165;160
Jailbait;214;160
Dance;158;160
Bite The Bullet;98;160
The Chase Is Better Than The Catch;258;160
The Hammer;168;160
Dirty Love;176;160
Please Don't Touch;170;160
Emergency;180;160
Kir Royal;235;161
O Que Vai Em Meu Coração;255;161
Aos Leões;235;161
Dois Índios;219;161
Noite Negra;207;161
Beijo do Olhar;253;161
É Fogo;195;161
Já Foi;246;161
Só Se For Pelo Cabelo;238;161
No Clima;249;161
A Moça e a Chuva;275;161
Demorou!;39;161
Bitter Pill;267;162
Enslaved;270;162
Girls, Girls, Girls;270;162
Kickstart My Heart;284;162
Wild Side;277;162
Glitter;340;162
Dr. Feelgood;283;162
Same Ol' Situation;255;162
Home Sweet Home;237;162
Afraid;248;162
Don't Go Away Mad (Just Go Away);280;162
Without You;269;162
Smokin' in The Boys Room;207;162
Primal Scream;286;162
Too Fast For Love;201;162
Looks That Kill;241;162
Shout At The Devil;222;162
Intro;52;163
School;160;163
Drain You;215;163
Aneurysm;272;163
Smells Like Teen Spirit;287;163
Been A Son;128;163
Lithium;250;163
Sliver;116;163
Spank Thru;190;163
Scentless Apprentice;211;163
Heart-Shaped Box;282;163
Milk It;226;163
Negative Creep;164;163
Polly;150;163
Breed;208;163
Tourette's;116;163
Blew;216;163
Smells Like Teen Spirit;301;164
In Bloom;255;164
Come As You Are;219;164
Breed;184;164
Lithium;257;164
Polly;177;164
Territorial Pissings;143;164
Drain You;224;164
Lounge Act;157;164
Stay Away;213;164
On A Plain;196;164
Something In The Way;231;164
Time;97;165
P.S.Apareça;209;165
Sangue Latino;223;165
Folhas Secas;161;165
Poeira;267;165
Mágica;234;165
Quem Mata A Mulher Mata O Melhor;263;165
Mundaréu;218;165
O Braço Da Minha Guitarra;258;165
Deus;284;165
Mãe Terra;307;165
Às Vezes;330;165
Menino De Rua;330;165
Prazer E Fé;215;165
Elza;199;165
Requebra;241;166
Nossa Gente (Avisa Là);188;166
Olodum - Alegria Geral;233;166
Madagáscar Olodum;252;166
Faraó Divindade Do Egito;229;166
Todo Amor (Asas Da Liberdade);245;166
Denúncia;160;166
Olodum, A Banda Do Pelô;147;166
Cartao Postal;212;166
Jeito Faceiro;217;166
Revolta Olodum;230;166
Reggae Odoyá;224;166
Protesto Do Olodum (Ao Vivo);206;166
Olodum - Smile (Instrumental);236;166
Vulcão Dub - Fui Eu;287;167
O Trem Da Juventude;226;167
Manguetown;163;167
Um Amor, Um Lugar;185;167
Bora-Bora;183;167
Vai Valer;207;167
I Feel Good (I Got You) - Sossego;245;167
Uns Dias;241;167
Sincero Breu;208;167
Meu Erro;189;167
Selvagem;149;167
Brasília 5:31;178;167
Tendo A Lua;199;167
Que País É Este;217;167
Navegar Impreciso;263;167
Feira Moderna;183;167
Tequila - Lourinha Bombril (Parate Y Mira);256;167
Vamo Batê Lata;229;167
Life During Wartime;259;167
Nebulosa Do Amor;203;167
Caleidoscópio;257;167
Trac Trac;232;168
Tendo A Lua;220;168
Mensagen De Amor (2000);184;168
Lourinha Bombril;160;168
La Bella Luna;193;168
Busca Vida;176;168
Uma Brasileira;218;168
Luis Inacio (300 Picaretas);198;168
Saber Amar;203;168
Ela Disse Adeus;226;168
O Amor Nao Sabe Esperar;241;168
Aonde Quer Que Eu Va;258;168
Caleidoscópio;211;169
Óculos;219;169
Cinema Mudo;228;169
Alagados;302;169
Lanterna Dos Afogados;190;169
Melô Do Marinheiro;208;169
Vital E Sua Moto;210;169
O Beco;189;169
Meu Erro;208;169
Perplexo;161;169
Me Liga;230;169
Quase Um Segundo;276;169
Selvagem;246;169
Romance Ideal;250;169
Será Que Vai Chover?;337;169
SKA;149;169
Bark at the Moon;257;170
I Don't Know;313;171
Crazy Train;296;171
Flying High Again;291;172
Mama, I'm Coming Home;252;173
No More Tears;444;173
I Don't Know;283;174
Crazy Train;323;174
Believer;309;174
Mr. Crowley;344;174
Flying High Again;261;174
Relvelation (Mother Earth);349;174
Steal Away (The Night);486;174
Suicide Solution (With Guitar Solo);467;174
Iron Man;172;174
Children Of The Grave;357;174
Paranoid;176;174
Goodbye To Romance;334;174
No Bone Movies;249;174
Dee;261;174
Shining In The Light;241;175
When The World Was Young;373;175
Upon A Golden Horse;232;175
Blue Train;405;175
Please Read The Letter;262;175
Most High;337;175
Heart In Your Hand;231;175
Walking Into Clarksdale;319;175
Burning Up;322;175
When I Was A Child;346;175
House Of Love;336;175
Sons Of Freedom;246;175
United Colours;330;176
Slug;281;176
Your Blue Room;328;176
Always Forever Now;384;176
A Different Kind Of Blue;121;176
Beach Sequence;212;176
Miss Sarajevo;341;176
Ito Okashi;205;176
One Minute Warning;280;176
Corpse (These Chains Are Way Too Long);215;176
Elvis Ate America;180;176
Plot 180;222;176
Theme From The Swan;204;176
Theme From Let's Go Native;187;176
Wrathchild;170;177
Killers;310;177
Prowler;240;177
Murders In The Rue Morgue;259;177
Women In Uniform;190;177
Remember Tomorrow;326;177
Sanctuary;199;177
Running Free;200;177
Phantom Of The Opera;418;177
Iron Maiden;235;177
Corduroy;305;178
Given To Fly;234;178
Hail, Hail;224;178
Daughter;407;178
Elderly Woman Behind The Counter In A Small Town;229;178
Untitled;123;178
MFC;148;178
Go;162;178
Red Mosquito;243;178
Even Flow;317;178
Off He Goes;343;178
Nothingman;279;178
Do The Evolution;225;178
Better Man;246;178
Black;416;178
F*Ckin' Up;378;178
Life Wasted;234;179
World Wide Suicide;209;179
Comatose;140;179
Severed Hand;270;179
Marker In The Sand;263;179
Parachutes;217;179
Unemployable;184;179
Big Wave;179;179
Gone;250;179
Wasted Reprise;54;179
Army Reserve;226;179
Come Back;330;179
Inside Job;429;179
Can't Keep;219;180
Save You;230;180
Love Boat Captain;276;180
Cropduster;232;180
Ghost;195;180
I Am Mine;216;180
Thumbing My Way;250;180
You Are;271;180
Get Right;159;180
Green Disease;161;180
Help Help;215;180
Bushleager;237;180
1/2 Full;251;180
Arc;66;180
All or None;278;180
Once;232;181
Evenflow;294;181
Alive;341;181
Why Go;200;181
Black;344;181
Jeremy;319;181
Oceans;162;181
Porch;211;181
Garden;299;181
Deep;258;181
Release;546;181
Go;193;182
Animal;169;182
Daughter;236;182
Glorified G;207;182
Dissident;216;182
W.M.A.;359;182
Blood;171;182
Rearviewmirror;284;182
Rats;255;182
Elderly Woman Behind The Counter In A Small Town;196;182
Leash;189;182
Indifference;302;182
Johnny B. Goode;243;141
Don't Look Back;221;141
Jah Seh No;277;141
I'm The Toughest;230;141
Nothing But Love;222;141
Buk-In-Hamm Palace;266;141
Bush Doctor;240;141
Wanted Dread And Alive;260;141
Mystic Man;354;141
Coming In Hot;213;141
Pick Myself Up;235;141
Crystal Ball;310;141
Equal Rights Downpresser Man;367;141
Speak To Me/Breathe;234;183
On The Run;215;183
Time;425;183
The Great Gig In The Sky;284;183
Money;392;183
Us And Them;461;183
Any Colour You Like;206;183
Brain Damage;231;183
Eclipse;125;183
ZeroVinteUm;316;184
Queimando Tudo;173;184
Hip Hop Rio;152;184
Bossa;29;184
100% HardCore;165;184
Biruta;213;184
Mão Na Cabeça;203;184
O Bicho Tá Pregando;172;184
Adoled (Ocean);185;184
Seus Amigos;101;184
Paga Pau;197;184
Rappers Reais;202;184
Nega Do Cabelo Duro;122;184
Hemp Family;206;184
Quem Me Cobrou?;122;184
Se Liga;410;184
Bohemian Rhapsody;359;185
Another One Bites The Dust;217;185
Killer Queen;182;185
Fat Bottomed Girls;205;185
Bicycle Race;184;185
You're My Best Friend;172;185
Don't Stop Me Now;212;185
Save Me;229;185
Crazy Little Thing Called Love;164;185
Somebody To Love;297;185
Now I'm Here;255;185
Good Old-Fashioned Lover Boy;176;185
Play The Game;213;185
Flash;168;185
Seven Seas Of Rhye;171;185
We Will Rock You;123;185
We Are The Champions;181;185
We Will Rock You;123;186
We Are The Champions;183;186
Sheer Heart Attack;207;186
All Dead, All Dead;190;186
Spread Your Wings;275;186
Fight From The Inside;185;186
Get Down, Make Love;231;186
Sleep On The Sidewalk;187;186
Who Needs You;187;186
It's Late;386;186
My Melancholy Blues;206;186
Shiny Happy People;226;187
Me In Honey;247;187
Radio Song;255;187
Pop Song 89;186;188
Get Up;160;188
You Are The Everything;226;188
Stand;193;188
World Leader Pretend;260;188
The Wrong Child;217;188
Orange Crush;232;188
Turn You Inside-Out;257;188
Hairshirt;236;188
I Remember California;304;188
Untitled;192;188
How The West Was Won And Where It Got Us;271;189
The Wake-Up Bomb;309;189
New Test Leper;327;189
Undertow;309;189
E-Bow The Letter;325;189
Leave;438;189
Departure;209;189
Bittersweet Me;246;189
Be Mine;333;189
Binky The Doormat;302;189
Zither;154;189
So Fast, So Numb;253;189
Low Desert;212;189
Electrolite;245;189
Losing My Religion;269;187
Low;297;187
Near Wild Heaven;200;187
Endgame;231;187
Belong;247;187
Half A World Away;208;187
Texarkana;220;187
Country Feedback;250;187
Carnival Of Sorts;233;190
Radio Free Aurope;245;190
Perfect Circle;209;190
Talk About The Passion;203;190
So Central Rain;195;190
Don't Go Back To Rockville;272;190
Pretty Persuasion;230;190
Green Grow The Rushes;226;190
Can't Get There From Here;221;190
Driver 8;205;190
Fall On Me;172;190
I Believe;228;190
Cuyahoga;261;190
The One I Love;197;190
The Finest Worksong;229;190
It's The End Of The World As We Know It (And I Feel Fine);245;190
Infeliz Natal;138;191
A Sua;142;191
Papeau Nuky Doe;122;191
Merry Christmas;126;191
Bodies;180;191
Puteiro Em João Pessoa;196;191
Esporrei Na Manivela;293;191
Bê-a-Bá;249;191
Cajueiro;159;191
Palhas Do Coqueiro;134;191
Maluco Beleza;203;192
O Dia Em Que A Terra Parou;262;192
No Fundo Do Quintal Da Escola;178;192
O Segredo Do Universo;193;192
As Profecias;233;192
Mata Virgem;143;192
Sapato 36;197;192
Todo Mundo Explica;135;192
Que Luz É Essa;165;192
Diamante De Mendigo;206;192
Negócio É;175;192
Muita Estrela, Pouca Constelação;268;192
Século XXI;245;192
Rock Das Aranhas (Ao Vivo) (Live);232;192
The Power Of Equality;244;193
If You Have To Ask;217;193
Breaking The Girl;295;193
Funky Monks;323;193
Suck My Kiss;217;193
I Could Have Lied;245;193
Mellowship Slinky In B Major;240;193
The Righteous & The Wicked;248;193
Give It Away;283;193
Blood Sugar Sex Magik;271;193
Under The Bridge;264;193
Naked In The Rain;266;193
Apache Rose Peacock;282;193
The Greeting Song;194;193
My Lovely Man;279;193
Sir Psycho Sexy;497;193
They're Red Hot;72;193
By The Way;218;194
Universally Speaking;259;194
This Is The Place;258;194
Dosed;312;194
Don't Forget Me;278;194
The Zephyr Song;233;194
Can't Stop;269;194
I Could Die For You;194;194
Midnight;296;194
Throw Away Your Television;225;194
Cabron;219;194
Tear;317;194
On Mercury;209;194
Minor Thing;218;194
Warm Tape;257;194
Venice Queen;369;194
Around The World;239;195
Parallel Universe;271;195
Scar Tissue;217;195
Otherside;256;195
Get On Top;198;195
Californication;322;195
Easily;231;195
Porcelain;164;195
Emit Remmus;240;195
I Like Dirt;158;195
This Velvet Glove;225;195
Savior;292;195
Purple Stain;253;195
Right On Time;113;195
Road Trippin';206;195
The Spirit Of Radio;299;196
The Trees;285;196
Something For Nothing;241;196
Freewill;324;196
Xanadu;667;196
Bastille Day;281;196
By-Tor And The Snow Dog;520;196
Anthem;265;196
Closer To The Heart;175;196
2112 Overture;273;196
The Temples Of Syrinx;133;196
La Villa Strangiato;577;196
Fly By Night;202;196
Finding My Way;306;196
Jingo;593;197
El Corazon Manda;714;197
La Puesta Del Sol;628;197
Persuasion;318;197
As The Years Go by;233;197
Soul Sacrifice;296;197
Fried Neckbones And Home Fries;639;197
Santana Jam;883;197
Evil Ways;475;198
We've Got To Get Together/Jingo;1070;198
Rock Me;95;198
Just Ain't Good Enough;850;198
Funky Piano;935;198
The Way You Do To Mer;618;198
Holding Back The Years;270;141
Money's Too Tight To Mention;268;141
The Right Thing;263;141
It's Only Love;233;141
A New Flame;238;141
You've Got It;235;141
If You Don't Know Me By Now;207;141
Stars;248;141
Something Got Me Started;240;141
Thrill Me;304;141
Your Mirror;241;141
For Your Babies;257;141
So Beautiful;298;141
Angel;241;141
Fairground;264;141
Água E Fogo;279;199
Três Lados;234;199
Ela Desapareceu;250;199
Balada Do Amor Inabalável;241;199
Canção Noturna;239;199
Muçulmano;250;199
Maquinarama;246;199
Rebelião;299;199
A Última Guerra;315;199
Fica;272;199
Ali;306;199
Preto Damião;265;199
É Uma Partida De Futebol;1;200
Eu Disse A Ela;254;200
Zé Trindade;248;200
Garota Nacional;317;200
Tão Seu;244;200
Sem Terra;279;200
Os Exilados;246;200
Um Dia Qualquer;292;200
Los Pretos;239;200
Sul Da América;255;200
Poconé;318;200
Lucky 13;189;201
Aeroplane Flies High;473;201
Because You Are;226;201
Slow Dawn;192;201
Believe;193;201
My Mistake;241;201
Marquis In Spades;193;201
Here's To The Atom Bomb;267;201
Sparrow;177;201
Waiting;228;201
Saturnine;230;201
Rock On;366;201
Set The Ray To Jerry;249;201
Winterlong;299;201
Soot & Stars;400;201
Blissed & Gone;286;201
Siva;261;202
Rhinocerous;353;202
Drown;270;202
Cherub Rock;299;202
Today;202;202
Disarm;199;202
Landslide;190;202
Bullet With Butterfly Wings;257;202
1979;264;202
Zero;161;202
Tonight, Tonight;256;202
Eye;295;202
Ava Adore;261;202
Perfect;203;202
The Everlasting Gaze;242;202
Stand Inside Your Love;254;202
Real Love;251;202
[Untitled];232;202
Nothing To Say;238;203
Flower;209;203
Loud Love;297;203
Hands All Over;362;203
Get On The Snake;225;203
Jesus Christ Pose;353;203
Outshined;312;203
Rusty Cage;268;203
Spoonman;248;203
The Day I Tried To Live;321;203
Black Hole Sun;320;203
Fell On Black Days;282;203
Pretty Noose;254;203
Burden In My Hand;292;203
Blow Up The Outside World;348;203
Ty Cobb;189;203
Bleed Together;232;203
Morning Dance;239;204
Jubilee;275;204
Rasul;238;204
Song For Lorraine;240;204
Starburst;292;204
Heliopolis;339;204
It Doesn't Matter;270;204
Little Linda;264;204
End Of Romanticism;320;204
The House Is Rockin';144;205
Crossfire;251;205
Tightrope;281;205
Let Me Love You Baby;164;205
Leave My Girl Alone;256;205
Travis Walk;141;205
Wall Of Denial;337;205
Scratch-N-Sniff;163;205
Love Me Darlin';202;205
Riviera Paradise;529;205
Dead And Bloated;310;206
Sex Type Thing;219;206
Wicked Garden;245;206
No Memory;81;206
Sin;365;206
Naked Sunday;230;206
Creep;333;206
Piece Of Pie;325;206
Plush;314;206
Wet My Bed;97;206
Crackerman;194;206
Where The River Goes;506;206
Soldier Side - Intro;64;207
B.Y.O.B.;256;207
Revenga;228;207
Cigaro;132;207
Radio/Video;249;207
This Cocaine Makes Me Feel Like I'm On This Song;128;207
Violent Pornography;211;207
Question!;201;207
Sad Statue;206;207
Old School Hollywood;177;207
Lost in Hollywood;321;207
The Sun Road;881;208
Dark Corners;514;208
Duende;448;208
Black Light Syndrome;526;208
Falling in Circles;549;208
Book of Hours;583;208
Chaos-Control;530;208
Midnight From The Inside Out;287;209
Sting Me;268;209
Thick & Thin;223;209
Greasy Grass River;219;209
Sometimes Salvation;389;209
Cursed Diamonds;368;209
Miracle To Me;373;209
Wiser Time;460;209
Girl From A Pawnshop;405;209
Cosmic Fiend;308;209
Black Moon Creeping;359;210
High Head Blues;372;210
Title Song;506;210
She Talks To Angels;362;210
Twice As Hard;276;210
Lickin';314;210
Soul Singing;234;210
Hard To Handle;207;210
Remedy;337;210
White Riot;119;211
Remote Control;180;211
Complete Control;193;211
Clash City Rockers;228;211
(White Man) In Hammersmith Palais;241;211
Tommy Gun;196;211
English Civil War;157;211
I Fought The Law;160;211
London Calling;200;211
Train In Vain;190;211
Bankrobber;272;211
The Call Up;324;211
Hitsville UK;261;211
The Magnificent Seven;268;211
This Is Radio Clash;250;211
Know Your Rights;218;211
Rock The Casbah;222;211
Should I Stay Or Should I Go;187;211
War (The Process);253;212
The Saint;216;212
Rise;219;212
Take The Power;236;212
Breathe;300;212
Nico;289;212
American Gothic;237;212
Ashes And Ghosts;301;212
Shape The Sky;210;212
Speed Of Light;263;212
True Believers;308;212
My Bridges Burn;232;212
She Sells Sanctuary;254;213
Fire Woman;313;213
Lil' Evil;166;213
Spirit Walker;230;213
The Witch;259;213
Revolution;256;213
Wild Hearted Son;267;213
Love Removal Machine;258;213
Rain;237;213
Edie (Ciao Baby);242;213
Heart Of Soul;274;213
Love;327;213
Wild Flower;216;213
Go West;238;213
Resurrection Joe;255;213
Sun King;368;213
Sweet Soul Sister;212;213
Earth Mofo;282;213
Break on Through;149;214
Soul Kitchen;215;214
The Crystal Ship;155;214
Twentienth Century Fox;154;214
Alabama Song;200;214
Light My Fire;428;214
Back Door Man;214;214
I Looked At You;142;214
End Of The Night;173;214
Take It As It Comes;137;214
The End;702;214
Roxanne;193;215
Can't Stand Losing You;181;215
Message in a Bottle;291;215
Walking on the Moon;302;215
Don't Stand so Close to Me;241;215
De Do Do Do, De Da Da Da;247;215
Every Little Thing She Does is Magic;261;215
Invisible Sun;226;215
Spirit's in the Material World;181;215
Every Breath You Take;255;215
King Of Pain;301;215
Wrapped Around Your Finger;315;215
Don't Stand So Close to Me '86;294;215
Message in a Bottle (new classic rock mix);291;215
Time Is On My Side;180;216
Heart Of Stone;164;216
Play With Fire;132;216
Satisfaction;227;216
As Tears Go By;164;216
Get Off Of My Cloud;176;216
Mother's Little Helper;168;216
19th Nervous Breakdown;238;216
Paint It Black;226;216
Under My Thumb;221;216
Ruby Tuesday;197;216
Let's Spend The Night Together;217;216
Intro;50;217
You Got Me Rocking;206;217
Gimmie Shelters;382;217
Flip The Switch;252;217
Memory Motel;366;217
Corinna;257;217
Saint Of Me;326;217
Wainting On A Friend;302;217
Sister Morphine;376;217
Live With Me;235;217
Respectable;216;217
Thief In The Night;337;217
The Last Time;287;217
Out Of Control;479;217
Love Is Strong;231;218
You Got Me Rocking;216;218
Sparks Will Fly;196;218
The Worst;145;218
New Faces;172;218
Moon Is Up;222;218
Out Of Tears;327;218
I Go Wild;264;218
Brand New Car;256;218
Sweethearts Together;285;218
Suck On The Jugular;268;218
Blinded By Rainbows;274;218
Baby Break It Down;249;218
Thru And Thru;375;218
Mean Disposition;249;218
Walking Wounded;278;219
Temptation;205;219
The Messenger;212;219
Psychopomp;316;219
Sister Awake;344;219
The Bazaar;222;219
Save Me (Remix);396;219
Fire In The Head;306;219
Release;244;219
Heaven Coming Down;242;219
The River (Remix);343;219
Babylon;170;219
Waiting On A Sign;262;219
Life Line;278;219
Paint It Black;215;219
Temptation;205;220
Army Ants;215;220
Psychopomp;317;220
Gyroscope;178;220
Alarum;298;220
Release;266;220
Transmission;317;220
Babylon;292;220
Pulse;250;220
Emerald;290;220
Aftermath;344;220
I Can't Explain;125;221
Anyway, Anyhow, Anywhere;161;221
My Generation;198;221
Substitute;228;221
I'm A Boy;157;221
Boris The Spider;149;221
Happy Jack;132;221
Pictures Of Lily;164;221
I Can See For Miles;263;221
Magic Bus;197;221
Pinball Wizard;182;221
The Seeker;205;221
Baba O'Riley;309;221
Won't Get Fooled Again (Full Length Version);514;221
Let's See Action;244;221
V.15;290;221
Join Together;263;221
Squeeze Box;161;221
Who Are You (Single Edit Version);299;221
You Better You Bet;339;221
Primavera;127;222
Chocolate;195;222
Azul Da Cor Do Mar;198;222
O Descobridor Dos Sete Mares;263;222
Até Que Enfim Encontrei Você;105;222
Coroné Antonio Bento;131;222
New Love;238;222
Não Vou Ficar;172;222
Música No Ar;159;222
Salve Nossa Senhora;115;222
Você Fugiu;238;222
Cristina Nº 2;90;222
Compadre;171;222
Over Again;200;222
Réu Confesso;217;222
O Que Me Importa;153;223
Gostava Tanto De Você;254;223
Você;243;223
Não Quero Dinheiro;153;223
Eu Amo Você;243;223
A Festa Do Santo Reis;160;223
I Don't Know What To Do With Myself;221;223
Padre Cícero;140;223
Nosso Adeus;206;223
Canário Do Reino;139;223
Preciso Ser Amado;174;223
Balanço;210;223
Preciso Aprender A Ser Só;162;223
Esta É A Canção;184;223
Formigueiro;253;223
Comida;323;224
Go Back;231;224
Prá Dizer Adeus;222;224
Família;218;224
Os Cegos Do Castelo;297;224
O Pulso;199;224
Marvin;264;224
Nem 5 Minutos Guardados;246;224
Flores;216;224
Palavras;158;224
Hereditário;152;224
A Melhor Forma;192;224
Cabeça Dinossauro;37;224
32 Dentes;185;224
Bichos Escrotos (Vinheta);105;224
Não Vou Lutar;190;224
Homem Primata (Vinheta);34;224
Homem Primata;196;224
Polícia (Vinheta);56;224
Querem Meu Sangue;212;224
Diversão;286;224
Televisão;294;224
Sonifera Ilha;171;225
Lugar Nenhum;196;225
Sua Impossivel Chance;247;225
Desordem;213;225
Não Vou Me Adaptar;222;225
Domingo;209;225
Amanhã Não Se Sabe;189;225
Caras Como Eu;183;225
Senhora E Senhor;204;225
Era Uma Vez;224;225
Miséria;262;225
Insensível;208;225
Eu E Ela;276;225
Toda Cor;209;225
É Preciso Saber Viver;251;225
Senhor Delegado/Eu Não Aguento;157;225
Battlestar Galactica: The Story So Far;2622;226
Occupation / Precipice;5287;227
Exodus, Pt. 1;2622;227
Exodus, Pt. 2;2618;227
Collaborators;2627;227
Torn;2631;227
A Measure of Salvation;2564;227
Hero;2714;227
Unfinished Business;2622;227
The Passage;2624;227
The Eye of Jupiter;2619;227
Rapture;2625;227
Taking a Break from All Your Worries;2624;227
The Woman King;2626;227
A Day In the Life;2620;227
Dirty Hands;2628;227
Maelstrom;2622;227
The Son Also Rises;2622;227
Crossroads, Pt. 1;2623;227
Crossroads, Pt. 2;2870;227
Genesis;2612;228
Don't Look Back;2571;228
One Giant Leap;2608;228
Collision;2605;228
Hiros;2534;228
Better Halves;2573;228
Nothing to Hide;2606;228
Seven Minutes to Midnight;2614;228
Homecoming;2601;228
Six Months Ago;2603;228
Fallout;2595;228
The Fix;2600;228
Distractions;2590;228
Run!;2603;228
Unexpected;2598;228
Company Man;2601;228
Company Man;2601;228
Parasite;2603;228
A Tale of Two Cities;2637;229
Lost (Pilot, Part 1) [Premiere];2549;230
Man of Science, Man of Faith (Premiere);2612;231
Adrift;2565;231
Lost (Pilot, Part 2);2437;230
The Glass Ballerina;2637;229
Further Instructions;2564;229
Orientation;2609;231
Tabula Rasa;2627;230
Every Man for Himself;2637;229
Everybody Hates Hugo;2609;231
Walkabout;2587;230
...And Found;2564;231
The Cost of Living;2638;229
White Rabbit;2572;230
Abandoned;2587;231
House of the Rising Sun;2590;230
I Do;2628;229
Not In Portland;2637;229
Not In Portland;2637;229
The Moth;2631;230
The Other 48 Days;2611;231
Collision;2565;231
Confidence Man;2615;230
Flashes Before Your Eyes;2637;229
Lost Survival Guide;2633;229
Solitary;2613;230
What Kate Did;2610;231
Raised By Another;2590;230
Stranger In a Strange Land;2636;229
The 23rd Psalm;2610;231
All the Best Cowboys Have Daddy Issues;2555;230
The Hunting Party;2611;231
Tricia Tanaka Is Dead;2635;229
Enter 77;2630;229
Fire + Water;2600;231
Whatever the Case May Be;2616;230
Hearts and Minds;2619;230
Par Avion;2630;229
The Long Con;2680;231
One of Them;2699;231
Special;2619;230
The Man from Tallahassee;2638;229
Exposé;2594;229
Homecoming;2516;230
Maternity Leave;2780;231
Left Behind;2635;229
Outlaws;2620;230
The Whole Truth;2610;231
...In Translation;2605;230
Lockdown;2610;231
One of Us;2638;229
Catch-22;2561;229
Dave;2825;231
Numbers;2610;230
D.O.C.;2616;229
Deus Ex Machina;2582;230
S.O.S.;2640;231
Do No Harm;2618;230
Two for the Road;2611;231
The Greater Good;2618;230
"""?""";2782;231
Born to Run;2619;230
Three Minutes;2764;231
Exodus (Part 1);2621;230
Live Together, Die Alone, Pt. 1;2478;231
Exodus (Part 2) [Season Finale];2606;230
Live Together, Die Alone, Pt. 2;2657;231
Exodus (Part 3) [Season Finale];2620;230
Zoo Station;276;232
Even Better Than The Real Thing;221;232
One;276;232
Until The End Of The World;279;232
Who's Gonna Ride Your Wild Horses;317;232
So Cruel;349;232
The Fly;269;232
Mysterious Ways;244;232
Tryin' To Throw Your Arms Around The World;232;232
Ultraviolet (Light My Way);331;232
Acrobat;270;232
Love Is Blindness;263;232
Beautiful Day;248;233
Stuck In A Moment You Can't Get Out Of;272;233
Elevation;228;233
Walk On;296;233
Kite;267;233
In A Little While;219;233
Wild Honey;227;233
Peace On Earth;288;233
When I Look At The World;258;233
New York;330;233
Grace;331;233
The Three Sunrises;235;234
Spanish Eyes;197;234
Sweetest Thing;185;234
Love Comes Tumbling;283;234
Bass Trap;213;234
Dancing Barefoot;288;234
Everlasting Love;203;234
Unchained Melody;294;234
Walk To The Water;289;234
Luminous Times (Hold On To Love);278;234
Hallelujah Here She Comes;242;234
Silver And Gold;280;234
Endless Deep;180;234
A Room At The Heartbreak Hotel;275;234
Trash, Trampoline And The Party Girl;154;234
Vertigo;195;235
Miracle Drug;239;235
Sometimes You Can't Make It On Your Own;309;235
Love And Peace Or Else;291;235
City Of Blinding Lights;348;235
All Because Of You;219;235
A Man And A Woman;270;235
Crumbs From Your Table;304;235
One Step Closer;232;235
Original Of The Species;281;235
Yahweh;262;235
Discotheque;320;236
Do You Feel Loved;308;236
Mofo;349;236
If God Will Send His Angels;323;236
Staring At The Sun;277;236
Last Night On Earth;286;236
Gone;267;236
Miami;293;236
The Playboy Mansion;281;236
If You Wear That Velvet Dress;315;236
Please;303;236
Wake Up Dead Man;293;236
Helter Skelter;187;237
Van Diemen's Land;186;237
Desire;179;237
Hawkmoon 269;382;237
All Along The Watchtower;265;237
I Still Haven't Found What I'm Looking for;354;237
Freedom For My People;38;237
Silver And Gold;350;237
Pride (In The Name Of Love);268;237
Angel Of Harlem;229;237
Love Rescue Me;385;237
When Love Comes To Town;256;237
Heartland;303;237
God Part II;196;237
The Star Spangled Banner;43;237
Bullet The Blue Sky;337;237
All I Want Is You;390;237
Pride (In The Name Of Love);230;238
New Year's Day;259;238
With Or Without You;299;238
I Still Haven't Found What I'm Looking For;281;238
Sunday Bloody Sunday;282;238
Bad;352;238
Where The Streets Have No Name;276;238
I Will Follow;218;238
The Unforgettable Fire;295;238
Sweetest Thing;183;238
Desire;180;238
When Love Comes To Town;258;238
Angel Of Harlem;230;238
All I Want Is You;592;238
Sunday Bloody Sunday;278;239
Seconds;192;239
New Year's Day;336;239
Like A Song...;287;239
Drowning Man;254;239
The Refugee;221;239
Two Hearts Beat As One;243;239
Red Light;226;239
Surrender;334;239
"""40""";158;239
Zooropa;392;240
Babyface;242;240
Numb;260;240
Lemon;418;240
Stay (Faraway, So Close!);298;240
Daddy's Gonna Pay For Your Crashed Car;320;240
Some Days Are Better Than Others;257;240
The First Time;226;240
Dirty Day;324;240
The Wanderer;284;240
Breakfast In Bed;196;241
Where Did I Go Wrong;227;241
I Would Do For You;335;241
Homely Girl;204;241
Here I Am (Come And Take Me);242;241
Kingston Town;227;241
Wear You To The Ball;213;241
(I Can't Help) Falling In Love With You;208;241
Higher Ground;260;241
Bring Me Your Cup;341;241
C'est La Vie;270;241
Reggae Music;245;241
Superstition;320;241
Until My Dying Day;236;241
Where Have All The Good Times Gone?;187;242
Hang 'Em High;210;242
Cathedral;83;242
Secrets;207;242
Intruder;100;242
(Oh) Pretty Woman;175;242
Dancing In The Street;226;242
Little Guitars (Intro);42;242
Little Guitars;229;242
Big Bad Bill (Is Sweet William Now);165;242
The Full Bug;201;242
Happy Trails;65;242
Eruption;102;243
Ain't Talkin' 'bout Love;228;243
Runnin' With The Devil;216;243
Dance the Night Away;186;243
And the Cradle Will Rock...;214;243
Unchained;209;243
Jump;242;243
Panama;212;243
Why Can't This Be Love;228;243
Dreams;292;243
When It's Love;339;243
Poundcake;322;243
Right Now;322;243
Can't Stop Loving You;249;243
Humans Being;309;243
Can't Get This Stuff No More;315;243
Me Wise Magic;366;243
Runnin' With The Devil;216;244
Eruption;103;244
You Really Got Me;159;244
Ain't Talkin' 'Bout Love;230;244
I'm The One;227;244
Jamie's Cryin';211;244
Atomic Punk;182;244
Feel Your Love Tonight;223;244
Little Dreamer;203;244
Ice Cream Man;200;244
On Fire;181;244
Neworld;106;245
Without You;390;245
One I Want;331;245
From Afar;324;245
Dirty Water Dog;327;245
Once;463;245
Fire in the Hole;332;245
Josephina;342;245
Year to the Day;515;245
Primary;87;245
Ballot or the Bullet;342;245
How Many Say I;364;245
Sucker Train Blues;268;246
Do It For The Kids;236;246
Big Machine;266;246
Illegal I Song;258;246
Spectacle;222;246
Fall To Pieces;271;246
Headspace;223;246
Superhuman;256;246
Set Me Free;248;246
You Got No Right;335;246
Slither;248;246
Dirty Little Thing;238;246
Loving The Alien;349;246
Pela Luz Dos Olhos Teus;119;247
A Bencao E Outros;421;247
Tudo Na Mais Santa Paz;222;247
O Velho E Aflor;275;247
Cotidiano N 2;56;247
Adeus;222;247
Samba Pra Endrigo;259;247
So Por Amor;237;247
Meu Pranto Rolou;182;247
Mulher Carioca;192;247
Um Homem Chamado Alfredo;152;247
Samba Do Jato;221;247
Oi, La;167;247
Vinicius, Poeta Do Encontro;336;247
Soneto Da Separacao;194;247
Still Of The Night;398;141
Here I Go Again;234;141
Is This Love;284;141
Love Ain't No Stranger;259;141
Looking For Love;392;141
Now You're Gone;251;141
Slide It In;202;141
Slow An' Easy;367;141
Judgement Day;317;141
You're Gonna Break My Hart Again;251;141
The Deeper The Love;263;141
Crying In The Rain;337;141
Fool For Your Loving;251;141
Sweet Lady Luck;274;141
Faixa Amarela;241;248
Posso Até Me Apaixonar;201;248
Não Sou Mais Disso;226;248
Vivo Isolado Do Mundo;180;248
Coração Em Desalinho;185;248
Seu Balancê;219;248
Vai Adiar;270;248
Rugas;141;248
Feirinha da Pavuna/Luz do Repente/Bagaço da Laranja;107;248
Sem Essa de Malandro Agulha;158;248
Chico Não Vai na Corimba;269;248
Papel Principal;217;248
Saudade Louca;244;248
Camarão que Dorme e Onda Leva;299;248
Sapopemba e Maxambomba;245;248
Minha Fé;207;248
Lua de Ogum;168;248
Samba pras moças;153;248
Verdade;333;248
The Brig;2617;229
.07%;2586;228
Five Years Gone;2588;228
The Hard Part;2601;228
The Man Behind the Curtain;2616;229
Greatest Hits;2617;229
Landslide;2601;228
The Office: An American Workplace (Pilot);1381;249
Diversity Day;1306;249
Health Care;1322;249
The Alliance;1317;249
Basketball;1324;249
Hot Girl;1325;249
The Dundies;1254;250
Sexual Harassment;1295;250
Office Olympics;1290;250
The Fire;1288;250
Halloween;1315;250
The Fight;1320;250
The Client;1299;250
Performance Review;1292;250
Email Surveillance;1329;250
Christmas Party;1282;250
Booze Cruise;1268;250
The Injury;1275;250
The Secret;1265;250
The Carpet;1264;250
Boys and Girls;1278;250
Valentine's Day;1270;250
Dwight's Speech;1278;250
Take Your Daughter to Work Day;1268;250
Michael's Birthday;1238;250
Drug Testing;1279;250
Conflict Resolution;1275;250
Casino Night - Season Finale;1713;250
Gay Witch Hunt;1327;251
The Convention;1297;251
The Coup;1277;251
Grief Counseling;1283;251
The Initiation;1280;251
Diwali;1280;251
Branch Closing;1823;251
The Merger;1802;251
The Convict;1273;251
A Benihana Christmas, Pts. 1 & 2;2519;251
Back from Vacation;1272;251
Traveling Salesmen;1289;251
Producer's Cut: The Return;1700;251
Ben Franklin;1272;251
Phyllis's Wedding;1272;251
Business School;1302;251
Cocktails;1273;251
The Negotiation;1768;251
Safety Training;1271;251
Product Recall;1268;251
Women's Appreciation;1733;251
Beach Games;1676;251
The Job;2542;251
How to Stop an Exploding Man;2687;228
Through a Looking Glass;5089;229
Your Time Is Gonna Come;311;252
Battlestar Galactica, Pt. 1;2953;253
Battlestar Galactica, Pt. 2;2956;253
Battlestar Galactica, Pt. 3;2928;253
Lost Planet of the Gods, Pt. 1;2923;253
Lost Planet of the Gods, Pt. 2;2915;253
The Lost Warrior;2920;253
The Long Patrol;2925;253
The Gun On Ice Planet Zero, Pt. 1;2908;253
The Gun On Ice Planet Zero, Pt. 2;2924;253
The Magnificent Warriors;2925;253
The Young Lords;2864;253
The Living Legend, Pt. 1;2925;253
The Living Legend, Pt. 2;2923;253
Fire In Space;2927;253
War of the Gods, Pt. 1;2923;253
War of the Gods, Pt. 2;2923;253
The Man With Nine Lives;2957;253
Murder On the Rising Star;2936;253
Greetings from Earth, Pt. 1;2960;253
Greetings from Earth, Pt. 2;2904;253
Baltar's Escape;2922;253
Experiment In Terra;2924;253
Take the Celestra;2928;253
The Hand of God;2924;253
Pilot;2485;254
Through the Looking Glass, Pt. 2;2617;229
Through the Looking Glass, Pt. 1;2611;229
Instant Karma;193;255
#9 Dream;278;255
Mother;288;255
Give Peace a Chance;275;255
Cold Turkey;281;255
Whatever Gets You Thru the Night;215;255
I'm Losing You;241;255
Gimme Some Truth;233;255
Oh, My Love;159;255
Imagine;192;255
Nobody Told Me;210;255
Jealous Guy;239;255
Working Class Hero;265;255
Power to the People;213;255
Imagine;219;255
Beautiful Boy;228;255
Isolation;156;255
Watching the Wheels;199;255
Grow Old With Me;149;255
Gimme Some Truth;188;255
[Just Like] Starting Over;216;255
God;260;255
Real Love;237;255
Sympton of the Universe;341;256
Snowblind;296;256
Black Sabbath;364;256
Fairies Wear Boots;393;256
War Pigs;515;256
The Wizard;283;256
N.I.B.;335;256
Sweet Leaf;355;256
Never Say Die;258;256
Sabbath, Bloody Sabbath;334;256
Iron Man/Children of the Grave;552;256
Paranoid;189;256
Rock You Like a Hurricane;256;257
No One Like You;240;257
The Zoo;333;257
Loving You Sunday Morning;339;257
Still Loving You;391;257
Big City Nights;252;257
Believe in Love;326;257
Rhythm of Love;231;257
I Can't Explain;205;257
Tease Me Please Me;287;257
Wind of Change;315;257
Send Me an Angel;273;257
Jump Around;218;258
Salutations;69;258
Put Your Head Out;182;258
Top O' The Morning To Ya;217;258
Commercial 1;8;258
House And The Rising Sun;219;258
Shamrocks And Shenanigans;218;258
House Of Pain Anthem;156;258
Danny Boy, Danny Boy;115;258
Guess Who's Back;238;258
Commercial 2;21;258
Put On Your Shit Kickers;190;258
Come And Get Some Of This;170;258
Life Goes On;163;258
One For The Road;170;258
Feel It;240;258
All My Love;201;258
Jump Around (Pete Rock Remix);236;258
Shamrocks And Shenanigans (Boom Shalock Lock Boom/Butch Vig Mix);237;258
Instinto Colectivo;301;259
Chapa o Coco;144;259
Prostituta;359;259
Eu So Queria Sumir;270;259
Tres Reis;304;259
Um Lugar ao Sol;212;259
Batalha Naval;286;259
Todo o Carnaval tem seu Fim;237;259
O Misterio do Samba;226;259
Armadura;233;259
Na Ladeira;222;259
Carimbo;329;259
Catimbo;254;259
Funk de Bamba;237;259
Chega no Suingue;222;259
Mun-Ra;275;259
Freestyle Love;318;259
War Pigs;234;260
Past, Present, and Future;2493;261
The Beginning of the End;2612;261
LOST Season 4 Trailer;113;261
LOST In 8:15;497;261
Confirmed Dead;2612;261
The Economist;2609;261
Eggtown;2609;261
The Constant;2612;261
The Other Woman;2605;261
Ji Yeon;2589;261
Meet Kevin Johnson;2612;261
The Shape of Things to Come;2591;261
Amanda;247;262
Despertar;307;262
Din Din Wo (Little Child);286;263
Distance;327;264
I Guess You're Right;212;265
I Ka Barra (Your Work);301;263
Love Comes;200;265
Muita Bobeira;173;266
OAM's Blues;267;267
One Step Beyond;366;264
"Symphony No. 3 in E-flat major, Op. 55, ""Eroica"" - Scherzo: Allegro Vivace";356;268
Something Nice Back Home;2613;261
Cabin Fever;2612;261
There's No Place Like Home, Pt. 1;2610;261
There's No Place Like Home, Pt. 2;2498;261
There's No Place Like Home, Pt. 3;2583;261
Say Hello 2 Heaven;384;269
Reach Down;673;269
Hunger Strike;246;269
Pushin Forward Back;225;269
Call Me a Dog;304;269
Times of Trouble;343;269
Wooden Jesus;251;269
Your Savior;244;269
Four Walled World;414;269
All Night Thing;232;269
No Such Thing;225;270
Poison Eye;237;270
Arms Around Your Love;214;270
Safe and Sound;257;270
She'll Never Be Your Man;204;270
Ghosts;232;270
Killing Birds;218;270
Billie Jean;281;270
Scar On the Sky;220;270
Your Soul Today;206;270
Finally Forever;217;270
Silence the Voices;267;270
Disappearing Act;273;270
You Know My Name;240;270
Revelations;252;271
One and the Same;218;271
Sound of a Gun;260;271
Until We Fall;231;271
Original Fire;219;271
Broken City;228;271
Somedays;214;271
Shape of Things to Come;275;271
Jewel of the Summertime;233;271
Wide Awake;266;271
Nothing Left to Say But Goodbye;213;271
Moth;298;271
Show Me How to Live (Live at the Quart Festival);302;271
"Band Members Discuss Tracks from ""Revelations""";294;271
Intoitus: Adorate Deum;245;272
Miserere mei, Deus;502;273
Canon and Gigue in D Major: I. Canon;272;274
"Concerto No. 1 in E Major, RV 269 ""Spring"": I. Allegro";199;275
Concerto for 2 Violins in D Minor, BWV 1043: I. Vivace;194;276
"Aria Mit 30 Veränderungen, BWV 988 ""Goldberg Variations"": Aria";120;277
Suite for Solo Cello No. 1 in G Major, BWV 1007: I. Prélude;143;278
The Messiah: Behold, I Tell You a Mystery... The Trumpet Shall Sound;582;279
Solomon HWV 67: The Arrival of the Queen of Sheba;197;280
"""Eine Kleine Nachtmusik"" Serenade In G, K. 525: I. Allegro";349;281
Concerto for Clarinet in A Major, K. 622: II. Adagio;394;282
"Symphony No. 104 in D Major ""London"": IV. Finale: Spiritoso";307;283
Symphony No.5 in C Minor: I. Allegro con brio;392;284
Ave Maria;338;285
"Nabucco: Chorus, ""Va, Pensiero, Sull'ali Dorate""";275;286
Die Walküre: The Ride of the Valkyries;189;287
Requiem, Op.48: 4. Pie Jesu;259;288
The Nutcracker, Op. 71a, Act II: Scene 14: Pas de deux: Dance of the Prince & the Sugar-Plum Fairy;304;289
"Nimrod (Adagio) from Variations On an Original Theme, Op. 36 ""Enigma""";250;290
Madama Butterfly: Un Bel Dì Vedremo;278;291
Jupiter, the Bringer of Jollity;522;292
Turandot, Act III, Nessun dorma!;177;293
Adagio for Strings from the String Quartet, Op. 11;597;294
Carmina Burana: O Fortuna;157;295
Fanfare for the Common Man;198;296
Branch Closing;1815;251
The Return;1705;251
Toccata and Fugue in D Minor, BWV 565: I. Toccata;154;297
"Symphony No.1 in D Major, Op.25 ""Classical"", Allegro Con Brio";254;298
Scheherazade, Op. 35: I. The Sea and Sindbad's Ship;545;299
Concerto No.2 in F Major, BWV1047, I. Allegro;307;300
Concerto for Piano No. 2 in F Minor, Op. 21: II. Larghetto;560;301
Cavalleria Rusticana \ Act \ Intermezzo Sinfonico;243;302
Karelia Suite, Op.11: 2. Ballade (Tempo Di Menuetto);406;303
"Piano Sonata No. 14 in C Sharp Minor, Op. 27, No. 2, ""Moonlight"": I. Adagio sostenuto";391;304
Fantasia On Greensleeves;268;280
Das Lied Von Der Erde, Von Der Jugend;224;305
Concerto for Cello and Orchestra in E minor, Op. 85: I. Adagio - Moderato;483;306
Two Fanfares for Orchestra: II. Short Ride in a Fast Machine;255;307
Wellington's Victory or the Battle Symphony, Op.91: 2. Symphony of Triumph;412;308
Missa Papae Marcelli: Kyrie;241;309
Romeo et Juliette: No. 11 - Danse des Chevaliers;275;310
On the Beautiful Blue Danube;527;311
Symphonie Fantastique, Op. 14: V. Songe d'une nuit du sabbat;562;312
Carmen: Overture;133;313
Lamentations of Jeremiah, First Set \ Incipit Lamentatio;69;314
Music for the Royal Fireworks, HWV351 (1749): La Réjouissance;120;315
Peer Gynt Suite No.1, Op.46: 1. Morning Mood;253;316
"Die Zauberflöte, K.620: ""Der Hölle Rache Kocht in Meinem Herze""";175;317
SCRIABIN: Prelude in B Major, Op. 11, No. 11;101;318
Pavan, Lachrimae Antiquae;253;319
"Symphony No. 41 in C Major, K. 551, ""Jupiter"": IV. Molto allegro";363;320
Rehab;213;321
You Know I'm No Good;257;321
Me & Mr. Jones;152;321
Just Friends;192;321
Back to Black;240;321
Love Is a Losing Game;154;321
Tears Dry On Their Own;185;321
Wake Up Alone;221;321
Some Unholy War;142;321
He Can Only Hold Her;167;321
You Know I'm No Good (feat. Ghostface Killah);202;321
Rehab (Hot Chip Remix);418;321
Intro / Stronger Than Me;234;322
You Sent Me Flying / Cherry;410;322
F**k Me Pumps;200;322
I Heard Love Is Blind;130;322
(There Is) No Greater Love (Teo Licks);168;322
In My Bed;316;322
Take the Box;199;322
October Song;205;322
What Is It About Men;210;322
Help Yourself;301;322
Amy Amy Amy (Outro);663;322
Slowness;215;323
Prometheus Overture, Op. 43;340;324
Sonata for Solo Violin: IV: Presto;299;325
A Midsummer Night's Dream, Op.61 Incidental Music: No.7 Notturno;388;326
Suite No. 3 in D, BWV 1068: III. Gavotte I & II;226;327
Concert pour 4 Parties de V**les, H. 545: I. Prelude;110;328
Adios nonino;289;329
"Symphony No. 3 Op. 36 for Orchestra and Soprano ""Symfonia Piesni Zalosnych"" \ Lento E Largo - Tranquillissimo";567;330
Act IV, Symphony;364;331
3 Gymnopédies: No.1 - Lent Et Grave, No.3 - Lent Et Douloureux;386;332
"Music for the Funeral of Queen Mary: VI. ""Thou Knowest, Lord, the Secrets of Our Hearts""";142;333
Symphony No. 2: III. Allegro vivace;377;334
Partita in E Major, BWV 1006A: I. Prelude;286;335
Le Sacre Du Printemps: I.iv. Spring Rounds;235;336
Sing Joyfully;134;314
Metopes, Op. 29: Calypso;334;337
"Symphony No. 2, Op. 16 -  ""The Four Temperaments"": II. Allegro Comodo e Flemmatico";287;338
24 Caprices, Op. 1, No. 24, for Solo Violin, in A Minor;266;339
Étude 1, In C Major - Preludio (Presto) - Liszt;52;340
Erlkonig, D.328;262;341
Concerto for Violin, Strings and Continuo in G Major, Op. 3, No. 9: I. Allegro;494;342
Pini Di Roma (Pinien Von Rom) \ I Pini Della Via Appia;287;343
"String Quartet No. 12 in C Minor, D. 703 ""Quartettsatz"": II. Andante - Allegro assai";139;344
L'orfeo, Act 3, Sinfonia (Orchestra);67;345
Quintet for Horn, Violin, 2 Violas, and Cello in E Flat Major, K. 407/386c: III. Allegro;221;346
Koyaanisqatsi;206;347
